0,2.7274,0.628,4.4121,-0.7428,0.0703,-0.1039,-2.6084,1.7334,1.3389,-0.353,1.4777,1.3128,3.2649,-0.4329,-0.782,2.3342,-0.1876,-1.1134,-0.0685,0.8309,1.2205,0.3235,-1.1604,0.8817,-1.0496,1.597,0.764,0.5183,0.4033,1.2988,0.6545,-0.2619,1.9155,-0.1056,0.7323,2.9347,0.378,0.5617,0.6296,0.7924,1.904,1.1607,0.7746,0.8483,-0.8043,1.5153,1.2349,3.668,-0.3793,2.0281,0.2054,0.9017,1.0872,0.0995,0.6606,0.5367,3.2135,0.1564,-0.5442,0.4153,-0.3997,0.6407,0.8962,2.9692,2.2068,1.9391,-0.5579,-0.8935,0.5959,-0.2228,-0.0511,1.3646,0.728,1.3948,1.1101,0.5161,0.9401,-1.3267,-2.6158,-2.157,-0.5338,2.476,1.8607,-0.749,-0.2347,-0.9607,0.609,-0.0761,0.2397,1.4298,-2.1907,1.6041,1.3541,0.8126,0.3408,0.5048,0.273,1.8763,0.7083,-0.1575,-0.5463,0.6798,-1.5675,-0.6366,0.7594,1.5534,0.9691,0.6064,-0.8001,-0.8384
-2.4192,0,2.7648,-0.8719,-0.9395,-0.7187,0.4566,-0.1317,0.1223,0.3421,0.7678,0.2065,0.3018,-0.319,-1.7454,0.2132,-0.7953,1.321,-0.7434,0.7331,-0.1779,0.9586,0.7917,-1.014,-0.1512,0.0046,0.7248,-0.8727,-1.5841,-1.7676,-0.9895,0.3672,-2.2267,-0.9041,0.8757,2.4361,-0.9442,0.0684,-0.5833,-0.0562,-0.8913,-1.4921,1.1356,2.6167,-0.0975,2.0265,0.0724,0.3926,0.1736,-0.3073,0.4257,-1.6358,-1.9191,1.2108,-1.0368,2.0418,-2.4398,-0.2953,-0.5116,1.1292,0.2759,-0.0841,-0.5508,-0.9446,-1.3061,0.3506,-0.9929,-1.6574,-1.2559,-1.1313,-1.3308,0.1826,-0.4794,-1.1381,-0.4063,-0.9512,1.3239,0.3656,0.2114,-2.3402,0.2624,0.8597,0.8082,-0.8748,-2.633,0.3134,0.0489,-1.0822,1.4517,-1.2884,1.1674,-3.1717,1.0022,-1.7259,-0.0931,-0.8932,1.8165,1.0822,-0.6946,0.6527,0.5984,-1.0157,2.5618,0.4437,-0.9575,-0.6982,-0.3186,-1.4133,-0.2406,-1.2786,-1.5182
-0.6667,-2.0195,0,3.9257,4.332,-1.8677,1.7025,1.8166,5.3485,-0.8048,0.9879,3.3302,-2.8605,3.7695,0.7645,1.5223,3.2991,5.2184,0.7936,-1.489,0.3216,-3.6544,0.5783,-1.2757,1.5711,-2.2488,0.8943,3.2524,-1.3298,0.501,2.1251,-0.2954,0.2785,0.286,-0.0668,-3.3184,0.5788,0.8476,-0.6229,1.0924,0.9645,-0.2032,-0.8496,2.0352,-0.8207,-0.3519,0.7077,0.5028,6.2066,1.2571,6.8546,0.754,0.5472,1.413,-0.4515,-1.5508,2.6736,6.1437,-3.3986,0.1859,0.9048,-1.0248,-2.8444,1.4926,-0.0067,-0.5195,1.0741,0.0525,0.8429,-0.9819,1.2085,1.3519,0.8704,-0.0157,1.0804,-0.5399,1.3775,-0.2851,-0.9783,1.2901,2.2595,-1.2154,-0.7494,-0.3643,1.2557,0.3975,1.5945,-1.397,-0.4864,1.7479,2.1534,-1.0669,-1.2449,0.9325,0.2616,-0.9874,0.8058,0.4705,-1.0608,0.2993,1.0431,-0.5944,0.2834,3.7323,-1.2914,1.0688,0.9657,-0.8571,-0.8129,-0.5981,0.4241
-3.6522,1.1362,-4.0795,0,-2.4354,1.0964,1.1389,0.1437,0.2427,2.7047,-0.9952,-1.8798,-0.9647,0.6991,-1.0295,0.0645,1.3853,2.9102,-5.9286,1.3573,-1.9838,0.215,-0.4336,0.1452,0.2129,0.2999,2.3099,-0.256,0.0066,-2.5007,-0.2778,-0.0537,-0.0921,-1.8758,-0.6831,1.9596,0.1791,2.6618,-0.9778,-1.3196,-0.7918,1.6345,2.7211,-1.4551,-2.7884,-0.9422,0.5501,1.2321,1.1463,0.2161,0.7867,0.5931,-3.723,6.1041,-2.134,-3.2006,-1.4859,-1.7357,-1.9185,1.8889,-0.8394,-0.7099,0.432,-1.6692,2.3995,1.5409,-1.4742,-2.2098,-1.4519,-2.9393,-2.9588,-0.2075,-1.3699,0.801,0.4264,-0.8558,1.4142,-0.198,2.2087,-1.2142,-1.021,3.1989,-3.7297,-2.8348,-4.3247,1.907,-4.2029,1.6758,-0.658,2.3015,2.8654,-0.6916,-0.0189,-2.5504,1.5135,0.0448,3.1235,-0.6174,-2.9256,0.4868,1.1882,-2.4546,-0.1245,-1.0968,-0.3045,-0.5251,1.0451,-2.3593,0.5186,-5.6227,-5.2715
0.1643,0.127,-4.4476,1.099,0,-2.7077,0.8049,-0.3593,2.9796,-0.4649,-0.8048,4.1482,2.0349,6.1475,1.1685,4.3711,0.5731,2.9172,-2.0627,-3.2422,1.064,-1.2006,3.2697,-2.3193,0.7435,-0.5915,-2.4759,-0.4311,-0.5328,2.1304,1.1032,2.3436,-0.6473,-0.5673,1.9657,2.5837,-1.6212,-1.735,0.2978,-2.0369,-2.1003,-1.5378,-1.0333,1.8559,-1.9343,0.1649,-0.691,-1.7794,7.4386,-1.8886,5.6968,-1.3793,-1.1177,3.689,-3.5619,-2.4738,2.867,3.3522,-2.7074,1.5683,-2.3872,-3.0638,-2.4789,0.1049,-3.7074,-2.5304,4.2663,-4.4273,-0.7272,-5.1465,1.8014,1.8684,0.0878,-1.2086,-1.5287,-0.8278,-2.3915,-1.7698,-0.8762,-3.719,-1.6026,-2.896,-0.1962,-2.9238,0.7734,-0.1251,-0.1911,-2.8411,-2.3877,-1.1311,0.6781,-1.4673,-1.7447,-3.0247,0.8979,0.3105,2.6425,3.039,0.0094,-0.4955,0.3641,-1.8627,-0.3927,-1.0053,-1.8654,-0.2825,-0.7926,-0.5667,-1.0563,-1.0853,-1.1897
0.6814,0.3758,1.7051,-1.2114,0.9823,0,-0.0825,1.8705,-4.1456,-0.3642,0.0331,-1.9493,-0.0709,-4.491,0.0902,-3.8074,-0.6871,-2.0157,2.7901,-0.0908,0.375,-2.4071,1.7738,1.627,2.0288,-0.8969,-0.4562,0.155,0.0078,1.3293,-0.0985,-0.31,0.9705,-0.8857,-0.641,-1.7148,1.7501,-0.2638,1.9373,0.0771,0.7338,1.5285,0.0912,0.5159,0.7871,0.6272,0.0118,-0.1412,-0.8575,0.2266,-4.6931,0.3497,1.2199,-2.2469,-0.6017,0.548,-2.3447,-1.1338,2.4579,-1.1856,0.0135,-0.0278,-1.2655,-0.1542,3.6365,-2.3301,-5.1595,3.3491,0.4433,1.2695,2.1965,0.5957,0.705,-1.3959,-0.3164,0.7244,1.5895,0.1206,-0.3005,2.3996,1.119,-0.2302,-0.6256,0.1748,1.7195,-0.2762,0.4133,-0.8757,0.7131,-1.3301,-3.28,0.5146,4.3628,1.4067,0.5422,0.4884,-4.4992,-0.768,0.7071,-0.3634,-0.5985,3.7269,-0.2766,-3.6226,1.9542,-2.2708,-1.7292,-1.1408,2.3298,1.0795,1.947
-0.0848,-0.7222,-1.7344,-1.3042,-0.904,-1.1284,0,0.0979,1.4868,-0.3211,-0.6532,0.2903,-0.2616,-0.3115,0.2582,3.5294,-3.3038,-0.3271,0.8444,-2.1294,-0.969,-0.7204,0.3706,-0.6689,0.956,-0.1891,-0.3539,-1.1043,0.4606,-0.0437,-0.2349,-1.0598,0.5292,-1.264,0.9382,0.1548,-0.4206,-6.2169,-0.228,-1.5713,-0.4335,-0.3682,-1.2918,0.3766,-0.8036,-0.1909,1.151,-0.9211,1.7062,-0.1785,2.0187,-0.3126,0.6843,1.5865,-0.9562,0.0324,1.8888,-0.862,0.365,0.2029,-0.2149,-0.4101,-1.8155,-1.3194,-0.2989,-2.7524,1.9089,-0.9718,-0.2036,-2.4223,-0.3115,0.5598,2.4482,-1.588,-0.8939,1.2505,-0.1267,-0.5864,-0.0831,-0.1409,0.0739,-0.4395,-1.2877,-0.9374,0.0633,0.5598,-0.8126,-1.0765,-4.122,-0.8971,3.2683,-3.1935,-2.6814,-1.0362,0.2925,0.0717,-1.0165,0.4756,-0.2906,-0.3205,0.045,0.0424,0.3419,-1.2946,1.4003,-0.4097,-0.5249,-1.3789,-0.7934,-1.0994,-0.732
2.1529,-0.3231,-1.9149,-0.6204,0.3441,-3.0767,-0.1114,0,2.8129,-0.0646,0.4944,1.1994,-1.5269,0.1349,-0.2458,1.2844,1.9847,1.2719,-0.9042,-1.1985,0.4287,-1.1161,2.1445,-0.7524,0.1685,0.5212,-0.538,0.738,-0.6839,0.0778,0.8724,1.7599,0.2132,-0.2896,-0.2469,3.1402,-1.7957,0.5268,-0.4551,-0.0206,-1.5795,-0.7255,-1.552,2.6464,-1.0686,1.7565,0.079,-1.2294,2.6633,-0.8232,1.8013,-2.4255,0.5655,-0.9401,-1.6362,0.0874,1.5953,1.4609,-1.3554,-0.8794,-0.6315,-1.7335,-0.9652,2.6518,-0.593,-2.9172,0.5687,1.1953,0.3204,-4.1316,0.6427,1.654,0.005,-1.7436,-0.4476,-0.3652,0.132,-0.8073,-0.6881,0.3568,1.0262,-1.1824,-0.1893,-0.6433,-1.3309,-0.7482,0.6255,-3.2015,-1.3049,-3.5242,-0.0889,0.2995,-2.7882,-1.8646,0.08,-0.6768,-1.6619,-1.114,-0.3628,-2.4512,-0.4022,0.3057,2.1599,0.6794,-1.1295,2.1724,0.183,-0.2314,-0.1347,-1.2742,-0.8185
-2.0512,-0.3166,-5.2516,-0.2482,-2.9502,2.4071,-1.3977,-2.743,0,0.1625,0.0738,1.5784,1.7881,0.0641,-0.0788,1.1707,-9.3988,-0.2,-0.8006,-1.0734,1.3746,-1.4423,-0.6246,-0.2828,0.5775,-0.0294,1.3391,-2.0578,1.326,0.5304,2.5029,0.6336,1.139,-0.3457,1.7395,0.4877,0.0722,-11.2755,2.4888,-0.7445,-2.0698,1.4061,-0.3984,-0.4702,0.8235,-1.405,2.0456,-0.4538,0.2809,-0.7445,-0.0414,-0.3014,1.1828,-1.0839,-1.3704,0.401,1.3318,-1.5432,-0.6315,-0.6011,-1.2803,-0.3616,-0.5094,-1.6022,-0.3836,-0.2814,1.3285,0.1691,-1.4818,-2.7351,-2.1119,0.2648,0.0268,-2.2168,0.1794,0.9467,0.2453,0.3402,0.9334,-1.7847,-3.1582,-0.2043,0.0874,1.1159,1.7463,-0.5784,-0.6798,0.7841,-8.8661,-1.4263,1.039,-1.5803,2.3196,-0.9418,0.7475,-1.5982,1.3116,-0.6504,1.5151,-1.5371,-1.6473,0.4726,0.4624,-8.3229,0.8728,0.0848,0.7438,1.3236,1.0788,-2.2846,0.215
-0.6911,-0.4701,0.8218,-2.526,-0.9397,0.2599,-0.4543,-0.9132,-0.7941,0,0.0308,1.2393,0.283,-0.4737,-0.5804,1.3162,0.1338,-1.262,0.9358,0.3901,-0.8972,0.0393,-0.6526,-0.4812,-0.5434,1.0151,-1.0512,-1.1999,0.2547,0.1936,1.2728,0.4177,-0.3078,-0.3898,-0.183,0.7006,0.0061,1.0899,-0.6946,0.6585,0.1839,-0.7431,1.6895,0.0848,-0.4672,1.5352,0.2881,0.9148,-0.2462,0.0403,-1.7762,-0.1933,1.0546,0.8808,-0.6313,1.4722,0.0161,0.7662,0.5514,-0.7373,0.6026,0.4663,-1.448,-0.3037,-1.085,-0.7013,0.0977,-0.6111,0.5888,-0.0937,-0.4513,0.1323,-0.9814,-1.6099,-0.0799,-0.7353,-0.9328,0.4346,0.9794,-0.6521,0.5731,0.487,-1.6315,-0.5246,0.4973,-0.0029,2.3262,0.0545,2.0352,-0.1201,-0.8188,-0.773,-1.6017,1.2927,1.1522,-0.7479,0.457,0.0936,-1.7205,-0.0183,0.1524,0.1238,0.0527,-0.1273,-0.0674,-2.1756,0.8459,-0.3444,0.4405,1.9683,0.3952
1.2701,-0.7379,-0.7239,0.8372,0.381,-0.6416,0.637,-0.7575,0.0465,-0.2985,0,0.0805,0.5393,-2.4892,-0.1337,2.4106,0.3153,-2.1015,-0.0387,0.7446,-0.3149,0.2939,-1.316,-0.4623,-0.4279,0.4915,-2.1726,-0.5812,0.6753,-1.081,0.6018,1.7884,0.6026,0.7452,0.5842,2.6144,-1.7815,-1.3716,-1.2834,-1.048,-0.7012,-1.0456,-0.3631,1.0807,-0.3836,0.3664,0.3682,0.2802,-0.9922,-1.2483,0.5441,0.3432,-0.4761,2.5681,-2.8461,-0.2924,2.7924,0.4176,-0.2899,0.0933,-1.2954,-0.3576,0.158,0.1898,-0.7709,-1.4101,3.802,0.5483,1.5594,-2.6388,-0.5347,1.1231,0.8077,-4.4864,0.5332,-1.3494,-1.7584,-1.5823,1.3079,-1.212,-0.243,0.31,-0.3299,-2.0531,-1.3055,0.0953,-0.1097,0.0218,1.7162,-0.9297,0.9614,0.3208,-1.7799,0.022,0.969,0.1829,0.055,1.415,-1.3682,-0.1124,0.0766,0.4958,0.438,-0.2126,-1.2777,-0.9588,0.1504,-1.5544,-0.3808,-0.6966,0.2959
-1.8018,-0.3695,-3.3044,1.5936,-4.0912,0.6137,-0.2246,-1.1411,-1.5727,-1.5818,0.0746,0,1.6729,-1.9833,-0.3811,-0.3527,-2.5789,0.1356,0.3468,-0.3729,0.6893,0.3763,1.3153,-0.7659,-0.3844,0.0089,-0.5434,-0.2272,-0.1769,-1.701,1.4378,-1.5989,0.2862,-0.3248,0.3078,-0.8759,0.2495,-3.9523,1.0076,0.6017,-0.7946,-0.4632,-0.2757,-0.7419,-0.2254,-0.0589,1.801,0.5213,-1.2927,-1.2044,-0.8078,0.2967,-0.0617,-0.3571,-0.3325,0.4468,-1.5546,2.0469,0.143,-1.493,-0.3455,-0.9436,-0.3254,-0.1544,-0.2742,-1.6151,1.8662,-0.9852,1.2323,-1.645,-0.9102,0.9181,-0.2186,-1.6174,-0.5262,1.1694,-1.1525,0.1026,0.6102,1.3849,0.1477,-0.3239,-0.0938,-0.9184,-0.7327,-0.8537,0.6191,-0.4363,-2.9366,-0.1918,-1.4615,-1.4686,2.4893,-0.4048,-1.1726,0.7426,-2.3333,-0.2702,-0.875,-1.371,-0.4298,-2.9412,-0.6212,1.4226,0.0,0.6891,0.2873,-1.1516,-0.8701,-0.9227,-1.2386
-1.0816,-0.3014,3.0062,1.0281,-2.6347,-0.5353,0.0951,1.345,-2.0525,-0.4527,-0.3954,-1.9375,0,-3.5938,-1.5212,-1.173,-2.4082,-0.9844,-0.1043,-0.7615,0.3971,2.8192,0.2317,-0.0082,0.1112,0.957,0.4025,-1.1349,-0.8224,0.3629,-0.5174,-1.2007,-0.6213,0.2421,0.0733,-1.648,0.1075,-0.7784,0.8652,-0.0716,4.0208,-0.029,1.9297,-0.7857,0.6878,-1.1899,-0.3965,0.5326,-0.6644,-2.15,-3.7757,-0.05,-0.0111,-1.4558,0.3472,0.6413,-0.1978,0.6052,3.5607,-1.839,0.5127,0.5266,0.5568,-1.9236,2.3469,-2.4065,-1.8498,0.1848,-1.4544,-1.985,-1.3123,-0.2131,0.4621,-4.0876,-0.9543,-1.2189,0.5333,0.5346,-1.1411,3.4714,-1.3216,2.6978,1.084,-0.612,-1.9118,-0.951,0.6659,-1.108,-0.1302,-1.1776,-0.4425,-0.5583,1.2289,-0.3914,-1.8218,-0.2762,-1.414,-0.4752,0.9784,-2.3857,-0.1253,0.6854,-0.4223,-0.0813,-0.5785,-1.444,-0.6113,0.3218,0.6302,-0.6446,-0.0235
-3.8515,-0.7595,-3.9878,-1.9243,-6.14,1.0708,0.147,-0.1846,-0.0549,-1.5898,1.2125,2.0275,2.5626,0,0.3067,-0.8714,-6.8848,-2.6247,-1.5472,-0.3958,0.8121,0.5292,0.8379,-2.6991,0.9493,-0.2066,-2.9986,-3.0834,2.7867,-3.8202,1.2737,-0.0756,-1.3829,-2.5553,2.132,-2.3052,-1.7224,-8.5307,0.9374,-2.4151,1.1929,-0.2157,0.1295,1.3957,-0.8961,-2.0902,1.5886,-1.1424,0.8711,-2.627,0.452,0.9196,-4.1091,-1.7486,-2.0279,-1.6268,2.0016,0.8682,-0.0097,-1.5149,-2.2173,-0.0292,-1.7402,-1.844,-1.2349,-4.0138,0.1741,-1.871,-1.5046,-4.6218,-1.1373,0.2564,0.7293,-4.911,-2.026,2.4214,-0.3308,0.645,-1.2659,-2.7201,-3.002,1.785,-0.7191,-2.8813,-0.4737,-2.3581,0.9754,0.0624,-4.3122,-1.5248,-0.9159,-4.6002,0.9421,-1.0738,0.2629,-2.4438,-0.6969,0.2386,-0.7216,-3.3404,-1.9463,-1.1694,-0.972,-9.24,-4.2815,-2.5707,0.1533,-2.7038,-2.7578,-3.0669,-1.6985
0.4367,2.0182,-0.8487,1.999,-1.8158,0.4535,-0.4909,-0.1856,-0.3415,1.1233,0.7996,-0.027,1.683,-1.1036,0,-1.3081,-0.2055,-0.1292,0.9569,0.4202,-0.1959,1.8821,1.8224,1.5813,0.9204,0.6049,0.4493,0.2685,0.1002,1.0357,0.3928,-0.569,2.0054,-0.1989,-0.4304,0.7538,1.9582,-0.3173,1.1587,3.3427,0.7405,1.0484,0.9332,0.4727,-1.0793,2.9416,-0.5262,0.0112,-0.693,-0.1784,-0.2725,0.6737,-0.7944,0.3404,-0.1055,-0.5015,-0.4311,-0.3136,3.318,-0.6606,0.8943,0.6278,0.9217,0.318,2.1846,-0.3744,-1.4769,0.0464,-0.8019,1.4403,-0.237,0.5159,-0.0756,-0.1864,0.944,-0.3305,0.8422,0.597,-0.0652,1.3854,-0.1975,1.3216,0.5968,-0.4185,-0.6774,0.3134,-0.1502,1.7093,-1.2405,1.4177,-1.0375,1.0427,2.1334,-0.5833,0.1955,1.3008,-1.7594,-0.2561,3.3095,-0.481,-0.0734,0.7064,0.9103,1.2038,2.0631,-0.2894,-1.6542,0.2436,2.2509,1.3026,0.4246
0.7575,-0.1086,-1.5248,0.3703,-4.7734,2.7911,-3.6251,-1.456,-1.3339,-1.173,-1.8917,0.2282,1.1913,0.4097,1.2404,0,-1.759,-2.3911,-0.9733,1.5933,1.2061,-0.5167,-1.6901,0.9932,-0.7528,0.5516,-1.6468,-0.6771,3.2579,0.5974,4.461,-1.2537,2.7679,-1.1145,1.0167,-3.4817,1.855,-0.3365,1.9919,-0.7591,-0.1394,3.0153,0.1351,1.0979,1.1105,-2.2135,0.2841,0.77,-1.67,-1.5424,-3.0342,2.6321,3.9287,2.0713,0.5416,-0.4508,2.3197,-0.3615,-1.0483,-1.9893,-1.5272,-0.9874,2.3241,-1.3466,0.5624,-1.0658,2.3239,1.4196,0.6531,-2.4863,-1.4176,0.2255,-0.6951,-0.4216,-0.3975,5.2012,-3.0311,0.7927,0.6869,0.499,-2.9887,-0.6005,-0.6997,-0.4646,1.5043,-2.2349,-0.4485,3.0772,-0.491,-3.0752,-1.5133,1.9101,3.4422,-0.3675,0.7027,-1.4213,-0.2001,-1.576,1.0293,-2.9004,-2.0194,-0.748,-3.2233,-3.9662,2.2676,0.5773,-0.2728,1.6589,1.0446,-2.0458,-0.7334
-3.0287,-0.1365,-3.5575,-2.2486,-0.6156,-1.5574,2.9785,-2.0114,9.1419,-1.6321,-0.9318,2.486,1.6602,6.8006,-0.5927,1.2603,0,3.1734,-2.3547,-2.4765,-0.818,-1.3934,4.8365,-3.2574,0.2382,-0.3031,0.9395,0.6351,-0.9078,-2.5183,1.8237,0.0939,0.3564,-1.1531,1.6467,0.7956,-2.6616,-6.0429,1.1265,-2.7839,-2.0339,-1.3004,-2.2616,4.5975,-1.3369,0.9269,1.8644,-0.0296,7.8491,-0.0619,6.6622,-0.6787,0.0071,1.7813,-1.9209,-1.1685,2.8771,7.4709,-2.0225,0.6137,-0.0155,-2.871,-3.7245,-1.911,-1.3992,-3.518,2.2304,-2.7068,-2.6109,-5.5397,-0.1682,1.7792,4.0182,-4.6304,-0.518,-0.1542,-1.7071,0.5185,-0.5889,-1.931,0.2558,-0.0947,-2.0287,-2.0285,-5.4209,-3.1217,-2.1569,-0.0785,-4.9562,-1.4198,4.1533,-8.7406,-2.5788,-0.7718,0.4969,-1.9138,2.3714,1.6745,2.6621,0.5374,0.3932,1.524,-1.8695,-2.7608,-1.7726,-1.0715,0.7443,-2.7589,-1.7325,-1.4596,-2.6141
0.5319,-1.4089,-5.25,-2.7905,-3.4108,0.8562,0.3209,-1.4296,0.3156,0.592,1.9279,-0.0106,0.9619,2.2545,0.3663,2.6502,-3.9677,0,0.6116,0.1394,-1.8513,0.4859,-0.5112,-2.1043,-0.923,1.293,0.1417,-3.0884,-0.9157,-2.1838,-2.2327,0.8443,-2.2675,-0.7169,-0.131,1.2937,-1.4996,-5.9502,-1.4911,-2.9048,-2.1745,-1.0057,0.9014,-1.8746,-0.2115,-0.9483,0.2383,0.1776,-1.1771,0.0274,0.3806,-1.2579,-0.4382,-1.7992,-0.6036,-0.7591,1.2335,-1.0441,-1.0506,2.1509,-1.1832,0.0286,-1.8149,-2.7981,-1.7729,-0.4827,3.2941,-3.7111,-0.9502,-2.3889,-0.7817,0.0594,0.0902,-0.638,-2.0351,0.0176,-1.5122,0.0074,0.0307,-1.7272,-1.1177,1.3411,0.0867,-2.1997,-0.1613,1.4577,-1.6279,-0.941,-2.3923,0.2683,0.3273,-3.9022,-2.1338,-0.7856,0.5317,-0.0646,1.0146,0.7307,-2.5989,0.215,1.1918,-0.7754,1.4345,-4.0583,-1.7727,-1.0583,0.5681,-0.168,-1.7077,0.9577,-0.5972
1.0613,0.8096,-0.7925,5.6204,1.8583,-2.6514,-0.8846,0.7717,0.7021,-0.8063,0.4444,-0.4664,0.1779,1.2495,-1.0216,0.9706,2.0627,-0.3965,0,-2.0516,-0.6158,1.8511,0.6215,0.2612,0.5005,-0.518,-0.7434,0.3089,-2.1298,0.1392,1.3048,-0.1084,-0.8425,1.6676,-1.5915,3.1046,0.6274,0.7547,-0.755,2.231,0.2107,0.0313,-0.2631,-1.287,-1.2229,1.8525,-0.2993,-0.3509,0.0634,-1.8138,0.343,0.3554,-1.3188,2.323,0.4414,1.1017,-0.2128,-0.6877,0.4725,-1.4107,-0.0293,-0.8689,0.2794,-0.3539,1.2227,-0.1987,2.3965,2.2896,-0.1991,-1.0984,0.0123,0.5462,-1.7592,1.3581,0.6189,-0.0501,0.4987,-0.9591,0.7496,-0.3346,0.3371,-1.1486,-0.7545,-0.9758,1.4089,-1.439,2.7966,-1.6202,0.8661,1.4271,2.3126,-1.2697,0.9144,-1.1398,-0.3854,1.8656,-0.3022,0.4956,3.2625,0.6644,-1.3238,0.0567,1.6733,1.8702,1.4421,0.0514,-2.2177,-1.3523,0.965,0.0642,-0.1628
0.1383,-0.7573,1.1595,-0.5838,2.0396,0.3534,1.305,0.192,0.2551,-0.0638,-0.649,-0.4863,0.5442,-1.3571,-0.4282,-2.0934,0.9079,-0.576,1.8382,0,1.0245,-0.1383,0.6717,0.8744,-0.9119,-1.1677,0.8262,2.2511,0.9483,1.1702,0.9108,-1.1934,1.7715,1.1609,-0.3091,0.3815,1.7541,1.5299,0.9654,1.8622,-1.0469,1.084,0.6686,-1.0108,-0.2,1.2742,0.7194,1.7337,-0.646,-0.2635,-2.1013,2.1574,0.334,0.8382,0.9185,1.1317,0.3218,0.6861,-0.066,-0.6884,1.2227,-0.0305,-1.1735,0.7568,0.0968,0.221,-2.2016,1.5809,1.5655,2.4116,1.1732,0.1609,-0.0521,-0.1548,2.0525,0.4127,1.8827,0.0136,0.7257,1.8826,1.4406,0.0729,0.5652,1.3397,0.374,-0.0464,1.5462,-0.7233,0.0762,-1.3936,-1.091,2.1046,0.1893,0.9907,-0.0874,-0.3823,-2.594,0.6885,1.154,-0.8892,0.2576,0.0706,-1.302,1.6103,0.8297,-0.3724,0.6754,0.2478,1.5943,-0.6805,1.3817
-0.9934,0.1784,-0.3359,1.99,-1.1548,-0.9128,1.0048,-0.4481,-1.4282,0.5969,0.6231,-0.7352,-0.348,-0.9618,-0.0223,-1.2036,0.6235,1.9522,0.5755,-1.5018,0,-1.2561,2.5757,0.3547,1.0538,-0.9374,1.7401,0.9527,0.4768,1.2173,3.0411,-0.0487,0.3871,-0.6555,2.2922,2.0957,1.6495,-1.1659,0.653,0.1138,1.8194,0.7937,0.2211,2.5688,-0.5816,-1.2856,1.993,-0.5224,4.2312,-1.084,0.875,0.6449,0.0219,-0.4187,-1.205,-0.332,-1.896,3.1228,-0.2892,-1.2723,0.1043,-1.2702,-3.1587,2.2614,1.5727,-1.903,-1.0692,-0.4434,-0.837,-0.8845,0.8347,0.4807,0.9371,-1.0551,0.386,-1.0245,0.2264,-0.3541,-0.0944,-1.0159,-0.8986,-0.896,-1.3138,1.4196,-1.6045,-1.3943,-0.3973,0.7267,0.4228,-4.6601,-0.7289,-1.7526,2.0274,1.0375,0.1738,-2.4222,0.1359,-0.4564,-0.4315,-1.2301,-0.1927,-0.61,-0.2952,0.0341,-0.7846,0.3575,0.6357,-0.9642,1.5611,-1.6988,0.3888
-1.2105,-0.7381,3.6787,0.4196,0.8171,1.7224,0.5928,0.8893,1.2938,0.1214,0.136,-0.6063,-2.6423,-1.0722,-1.89,0.5088,0.8286,-0.3162,-1.8881,-0.1269,1.2146,0,0.8875,1.0075,0.0106,0.0315,1.1043,1.2202,0.5622,0.9607,0.0718,0.2815,1.2785,2.2043,0.3641,0.3962,1.3498,-0.8905,1.0831,-0.6634,0.6963,0.8703,-1.7088,0.2665,1.3892,-1.8238,1.5978,0.4996,0.5127,1.1531,0.9809,1.6486,0.7688,1.4121,-0.0259,0.5823,0.3408,1.7511,-1.264,-0.433,1.1099,-0.2856,-0.9591,-0.5549,2.2062,-0.5857,1.5972,0.7986,1.2562,-0.7765,2.2599,0.2991,0.8851,-0.8034,0.3857,0.7449,1.773,0.7732,-0.1472,1.4915,-0.0808,0.7336,-1.0222,0.0878,-2.0729,-0.2879,-1.2835,1.322,-1.4861,-0.2963,1.2479,-1.1134,0.4164,2.1928,0.1131,-1.0493,-0.1436,0.6916,0.6559,-0.4335,0.3482,1.0457,-1.4466,-0.3292,0.6349,0.3907,-0.0756,0.7218,0.2873,-2.0015,-0.4587
-0.4607,-0.9313,-0.6002,0.2583,-3.4681,-2.5087,-0.3762,-2.2232,0.6578,-0.0008,1.2491,-1.3366,-0.3333,-1.0996,-1.9705,1.6326,-5.2993,0.53,-0.6317,-1.3369,-2.5738,-0.962,0,-0.1192,-1.7246,-0.637,1.3068,-4.4764,-0.0651,-0.2458,0.0566,0.3725,-1.3202,-0.2254,0.4435,1.6462,-0.1425,-7.3941,-1.0029,-0.5686,0.4202,0.2642,0.3226,-1.4041,-0.4199,-0.8262,1.1168,-0.2323,-0.5445,1.5478,1.2128,-0.9314,1.3449,-1.0174,0.55,-1.2775,-1.6507,0.2469,-1.4039,-0.2479,-0.9259,0.0204,-1.7443,-3.0174,-1.0829,-1.0877,2.1647,-1.1279,-0.7244,-2.865,-0.6182,0.1144,1.6462,-1.2678,-0.2903,0.0344,-0.9658,1.6051,-0.455,-0.0568,-1.8487,-0.7592,0.1026,1.5324,-0.9427,-0.5617,-1.5638,-0.5189,-3.4757,-1.5463,1.4117,-7.0463,-3.2566,0.1118,0.0092,-2.6632,-0.5729,-0.322,0.7663,-0.9024,1.267,-0.5476,1.0541,-4.6933,-0.2837,1.0079,1.2644,-1.4467,-0.0737,-1.2272,-1.0386
1.1482,1.0754,1.2771,0.5051,2.063,-1.6187,0.5874,0.5606,0.1182,0.487,0.8201,0.6427,0.0835,2.4054,-1.6057,-0.9958,2.9403,2.2008,-0.2695,-1.1332,-0.4145,-1.0059,0.0707,0,0.2158,0.0537,1.4521,1.521,-0.2143,0.6565,-0.4616,-0.4358,-1.3215,0.1219,-0.9665,1.8513,1.2334,3.5247,0.0686,0.2366,0.8919,0.2939,0.1946,-0.063,-0.386,1.129,0.4309,-0.2153,1.184,0.7525,1.3998,0.1361,0.1318,-0.4508,-0.471,-0.6702,0.1246,2.2282,-1.1931,-1.3992,-0.5264,-0.3395,-0.9677,1.1429,-0.2927,0.4088,-0.8121,1.036,-0.4928,-0.4761,1.564,0.143,0.707,-1.0895,1.2323,-1.1234,2.2813,0.2391,-0.3664,-0.1445,0.3376,-0.7463,-1.6749,2.2854,0.2205,0.4749,-1.0936,-0.0349,-0.5814,0.0123,0.7267,-0.1698,0.2207,1.9781,-0.1991,-1.065,0.5103,-0.4828,0.5302,-0.287,0.0559,0.1376,1.2168,2.3521,0.0013,-0.0551,-0.3821,0.6843,-0.0882,0.0676,0.1587
-1.2006,-0.3771,-1.6761,-0.8995,-0.7548,-3.3699,-0.9649,-0.1634,-0.5219,-0.5335,0.1019,0.4705,-0.437,-1.0169,-1.296,0.5821,-0.3079,0.7475,-0.6255,-0.1806,-1.045,-0.256,1.6612,-0.3986,0,-0.4873,-0.2663,-2.6674,-2.0065,-1.4803,-0.7043,-1.0595,-0.0534,-1.06,0.0985,1.0393,0.1651,-3.3329,-0.4647,-1.1706,-0.4733,-0.7045,-0.5989,1.112,-1.8647,0.3602,0.7626,-0.481,-0.2852,0.4262,0.8211,-1.0744,0.3682,2.4938,-1.5908,-1.2363,2.2049,-0.276,-1.904,-1.4778,-1.2657,-0.6178,-2.8259,-1.5748,-0.7212,-2.045,-0.293,-0.8301,-2.0911,-3.5304,0.2,1.0651,-2.4142,-1.9466,-0.4333,-0.7912,-1.4179,0.1163,-0.776,-0.9247,-0.1114,0.6572,-1.4307,-1.091,-1.4044,-1.1644,-0.7205,-1.4052,-0.8473,-1.3089,0.6168,-1.7719,-1.6807,-1.5,0.1527,-1.0677,0.1372,-0.0523,0.4886,-1.1531,-0.0981,-0.1845,0.6244,-3.1051,-0.356,0.133,-0.2712,-1.1657,0.7121,-0.0128,-1.488
1.0435,0.0194,2.2568,0.034,0.3454,0.2397,0.1353,-0.6732,-0.0689,-1.0334,-0.1798,-0.1167,-0.8874,-0.2611,-0.6502,-0.5486,-0.0908,-1.1276,0.5305,0.6903,0.9632,-0.0434,0.6052,-0.0534,0.3357,0,-0.0469,-0.2679,-0.5471,-0.7988,-0.6343,1.2381,1.9801,-0.3076,-0.0801,0.5568,0.1747,-0.2681,1.332,-1.2068,0.8066,0.2625,-1.1407,-0.1808,1.813,-0.1733,0.4294,-0.6223,0.1439,0.135,-1.5711,0.1998,1.2048,1.3211,0.5307,0.8968,-1.4083,0.5266,0.9906,-1.1128,-1.2761,0.197,-0.3845,0.6283,1.2759,-1.9934,0.1379,0.2358,-1.9797,-0.168,0.3226,-0.8618,0.8745,-1.329,0.0917,1.0797,0.0728,0.4955,-0.9677,0.4301,-0.5569,-1.4125,1.3611,0.5334,0.9039,-0.8792,-1.4862,-0.883,-1.7766,-3.0212,-0.4774,1.0688,1.576,0.0277,-0.9207,0.8074,-0.1683,-1.4397,1.5235,-1.1146,0.1423,0.7708,1.6186,-0.8044,-0.029,-1.1415,0.4281,-0.5751,1.081,-0.6137,0.3597
-0.9143,-0.9543,-1.1458,-2.3233,1.0758,0.4172,-0.5774,-0.6722,-2.3094,1.0736,1.9309,-0.0599,-0.7218,1.0213,0.2737,1.8725,-3.3672,-0.9155,0.8787,-0.4354,-2.3273,-1.0783,-2.2922,-1.6069,-0.9959,-0.1619,0,-1.263,-0.3732,-1.2637,-2.1597,0.4596,-2.4951,-0.8527,1.0331,0.3215,0.322,-3.7381,-1.4812,-1.2464,0.4364,0.2167,1.5378,-1.7282,0.2126,-0.8536,-0.3992,-0.383,-2.1891,0.0274,0.4125,-0.9393,-2.4956,-0.3425,0.963,-1.1599,0.3179,-0.37,-2.2431,1.2503,-0.8021,0.234,-2.2237,-1.891,-1.853,2.1056,2.8971,-2.2231,-0.3241,0.0491,-1.8694,-0.668,-1.5481,0.1025,-1.1477,0.8132,0.0349,0.5493,-1.263,-2.0539,-0.2646,-0.5036,1.8307,1.0917,2.7866,1.1997,-0.8862,-1.2678,-1.7893,-0.4421,-1.1463,-2.3437,-1.4539,2.7113,0.2702,-1.1993,-0.1492,1.0519,-2.3429,-1.035,-0.6007,-1.2583,-0.4759,-3.1835,-2.0269,-2.4774,0.722,1.1821,-1.5969,0.7834,0.9594
-1.2851,0.0638,-3.4348,-0.8167,0.4278,-2.2389,0.9801,-0.7419,2.0663,-0.2072,0.0037,0.2453,0.6169,3.0833,-0.8621,0.4095,-0.6501,2.6197,-0.6011,-3.4881,-1.0397,-1.6218,4.2371,-1.8522,2.6055,-0.0062,-0.5721,0,-0.8705,-1.2959,0.3571,3.8019,0.1437,-1.2379,2.4517,3.1112,-2.4895,-3.1006,-0.3566,-1.5249,-0.5985,-0.9408,-2.2305,2.8359,-1.1091,0.9973,0.8806,-1.6313,4.7875,-0.2721,6.7764,-1.4107,0.4832,-1.0694,-3.1589,-2.2764,2.8197,2.5334,-1.628,-0.603,-1.8992,-2.8397,-2.8951,-0.0065,-1.7962,-2.9108,0.9309,-1.1917,-0.6472,-5.799,2.1212,-0.1627,1.8757,-2.5564,-1.5356,-2.6796,-1.2218,-1.2534,-0.7367,-2.4048,0.2516,-0.886,-3.0658,-1.2627,-1.0436,-1.7069,-2.6216,-0.6298,-1.9495,1.8044,0.7068,-2.512,-1.4455,-1.0056,0.0412,-0.3125,1.468,1.6369,-0.2081,-0.6144,-0.1948,0.4952,2.8491,0.1358,-2.1606,0.1443,0.292,0.4782,0.2779,-1.4859,-1.0797
-0.2196,1.5765,1.4005,0.2629,-0.1702,-0.3081,-0.826,0.2556,-1.7351,-0.2802,-0.5579,-0.0634,0.813,-4.7358,0.1704,-3.5765,-0.014,0.8303,2.3203,-1.0339,-0.5765,-0.4983,-0.1739,0.2905,1.6381,0.5466,0.2687,0.1349,0,1.2986,0.7048,-0.0044,0.24,-0.9241,-0.5501,1.0069,0.4516,0.7852,0.1366,0.8917,-0.2076,0.0981,0.2274,-1.3801,0.5792,2.0294,0.1336,0.0574,-2.0655,-0.7053,-1.7441,-0.7834,0.5206,-3.4037,-0.052,0.1038,-1.2729,-0.1813,0.1492,-0.643,-0.8847,-0.3035,-1.0544,-1.2775,-0.2924,-0.4639,-3.2327,1.6456,-0.4068,-0.6628,-0.2776,0.0752,-0.5027,-0.3258,1.9417,-0.3434,-0.4872,-0.0342,-0.0946,0.6246,0.2019,-1.0882,-1.5072,1.5343,2.0762,-0.3255,0.4714,0.2012,1.4152,0.5801,-1.8875,1.1716,1.1368,1.6115,0.4253,-0.112,-0.7396,0.5499,0.3119,-0.7316,-0.8323,0.51,0.6914,1.6218,0.0595,-0.4303,0.4405,1.4797,0.5412,0.3065,0.6507
-0.429,2.085,-0.3708,3.2704,-2.2124,-0.6453,0.1724,0.0164,-0.5407,0.3798,1.8282,1.5895,0.0252,3.7318,-0.9789,-0.4821,2.2418,2.5305,-0.0384,-1.083,-1.2119,-0.8434,0.3998,-0.5101,1.4868,1.0,1.7267,1.1687,-0.7939,0,2.723,1.8412,-1.4969,1.1671,-0.7019,1.6338,1.6377,1.9687,0.0951,2.3453,1.047,0.8346,0.8517,0.9455,1.1882,2.5823,0.9606,0.3273,2.5806,-0.3796,2.045,-1.1678,-0.8847,-2.6882,-0.2747,0.4361,0.1938,2.6321,0.58,-0.0412,1.3355,-1.0898,-1.417,-0.1816,0.6596,0.498,-1.4495,-0.9531,0.4732,1.9084,0.0238,1.7638,0.1906,0.015,0.8388,-1.5434,-0.4087,0.0404,-1.1741,0.5183,0.5966,-0.0861,-0.5,2.4996,-1.3384,-0.3282,0.7269,0.7427,1.3374,2.0829,-2.263,-0.6203,2.5197,1.7539,0.9954,0.844,0.4984,-1.0459,0.0694,0.4063,-0.7867,0.2954,0.5983,-1.0663,0.3247,0.655,1.1527,-0.2241,1.0899,0.5915,1.0495
-1.3074,0.4203,-2.1002,-0.6035,-1.1328,-1.6993,0.2952,-0.8224,-2.393,-2.2558,-0.902,-1.2567,0.2561,-1.468,-0.4983,-4.4471,-1.9555,2.0305,-1.2447,-1.7875,-2.9232,-0.1193,0.0025,0.4684,0.763,0.6355,0.5065,-0.3808,-1.1311,-2.3815,0,1.1455,-2.3455,1.2389,0.89,2.4043,-1.7297,-1.3538,-1.045,-0.9826,0.2007,-1.9353,0.8359,-0.2417,-1.712,1.1192,-0.2941,-0.3346,-0.1599,-1.4825,0.5232,-0.8998,-0.6623,-6.9874,-2.054,-1.3481,-3.4702,-0.3428,-2.7198,0.0776,-1.422,-1.6858,-1.475,0.9685,0.1147,-1.5037,-3.896,-0.7458,-1.0574,-5.6169,-2.5636,-1.4076,-1.2218,-0.7738,-1.7329,-1.2207,-3.1773,-0.4794,0.4335,0.3194,0.5512,-0.5676,-1.2291,-1.5497,-2.3733,-1.5149,1.1535,-1.3698,0.8057,-1.2102,-1.6519,-1.1781,-1.9317,-1.3879,0.3315,-0.3603,1.0432,0.3903,-3.1915,-0.3402,-0.2068,-0.3072,1.1402,-1.7379,-2.3037,-0.0446,0.4923,-1.3846,-1.1289,-0.5863,-1.124
-1.1246,-1.2227,0.0703,-1.2665,-2.3416,-2.1276,0.9692,-1.7554,-0.5366,-2.1968,-2.3387,1.7533,0.4745,0.0739,-0.0112,0.9273,-0.0375,-1.2027,-0.1148,-0.5069,0.0373,-0.645,-0.4907,0.1481,1.0352,-1.5099,-2.5262,-3.8166,-0.8292,-1.7927,-1.1849,0,-0.5861,-2.6867,-0.6514,-0.9143,-2.4283,-2.7866,-0.9158,-2.7397,0.4179,-0.7848,-1.4303,0.6672,-0.4105,-0.1103,-0.3539,-0.4868,-2.5578,-1.7772,0.1289,-1.4493,-0.9672,-2.2365,-0.5923,-0.5687,1.6045,0.0331,-2.4962,-0.7074,-1.128,0.9138,-4.0226,-1.8128,-2.0114,-2.9869,2.1461,-2.573,-0.0739,-4.3548,-0.1638,-0.5988,-1.5909,-3.1371,-0.9424,0.4689,-1.8391,-1.7893,-0.2738,-1.5327,-1.7197,-1.0225,-0.8169,-4.3096,-1.3408,-1.8951,-1.5407,-3.4772,-2.2507,-1.8982,-0.1424,-0.8018,-2.1546,-1.0581,-1.3207,-0.0435,-1.2299,0.5126,0.2019,-1.0918,-0.837,-0.3019,-1.595,-1.3306,-2.3674,-0.1614,0.6255,-1.7682,0.1392,-0.8325,-1.5616
0.2247,2.275,-0.2768,0.7974,0.335,-0.9078,-0.5998,-0.4042,-1.3537,0.4547,-0.082,-0.4793,0.7287,1.0195,-2.0249,-2.7561,-0.8511,2.4085,0.8363,-1.8905,-0.4452,-1.2676,1.2911,1.3194,-0.1157,-1.956,2.3509,-0.4937,-0.0936,1.5567,2.3881,0.3203,0,-0.02,-0.4187,-1.0043,1.8932,-1.5468,0.3595,1.1647,-0.7095,1.0991,0.0025,0.4477,-0.1837,-2.6208,1.1989,-0.087,0.1163,-0.1655,-0.2518,-1.0709,2.7496,-2.173,0.5791,0.637,-0.0947,3.154,-0.7436,-1.4328,0.4181,-1.0218,-3.7712,-1.0964,-1.7149,-0.1461,-1.6188,2.3253,0.4137,-0.3539,0.4162,0.5275,-1.0474,2.0561,3.2215,-0.6131,-0.8745,-0.8247,0.2049,2.6625,1.0507,-2.806,-0.2266,3.4649,2.7378,-1.5595,0.8321,-1.0992,-0.9027,-0.2507,-0.6443,-0.5677,0.3139,1.3171,0.8192,-1.203,-1.0969,0.7185,-1.6807,-1.1437,0.0666,-0.0989,-1.1357,-1.3809,2.6755,1.0556,0.8066,0.0253,1.0725,0.5135,0.6764
-1.3371,0.93,-0.0671,1.7167,-0.015,0.2869,1.1986,-0.0381,0.3879,0.1761,-0.7376,0.3847,-0.1822,1.8616,0.8782,1.4617,0.5409,0.6743,-1.4647,-1.118,0.9722,-2.0037,0.1876,0.2406,0.7308,0.5257,0.5092,0.6798,1.0127,-0.2798,-1.8203,2.0951,0.447,0,-0.4538,0.5362,-0.9523,1.0021,-0.4641,-2.2047,0.2506,-0.268,-0.3066,1.1227,0.0521,-2.7462,0.1925,0.6174,0.5135,0.5617,-0.164,-0.7059,-1.7365,1.1637,-0.8061,-0.4564,0.5656,-0.6672,-0.3736,1.5361,0.0859,-1.159,-3.1527,-1.1396,-0.3395,-0.856,1.8735,-1.1225,0.0709,-1.709,-0.0893,-0.7461,-1.2411,0.7704,-1.0527,-0.2454,-1.6017,-0.17,0.0646,-0.5405,2.0503,-0.434,-3.3745,-0.4215,0.3858,0.1998,0.3402,-0.2597,0.1903,-0.796,0.6375,1.4267,-1.1402,0.8357,1.3185,-0.3353,1.2924,-0.4936,-1.8514,-0.9202,-0.769,0.3742,1.1059,-0.2347,-0.9085,-3.8399,-0.3742,0.2158,-1.0365,-1.2278,-0.4097
-0.1687,-1.229,-0.0234,0.0987,-2.0326,-0.8742,-0.9327,0.259,-1.7152,-0.7997,-0.7135,-0.268,-0.3412,-2.3152,0.0758,-1.1272,-1.7948,0.0281,1.4707,-0.6787,-2.2778,-0.5418,-0.4637,0.8193,-0.1021,-0.0564,-1.9992,-2.5287,0.0713,0.8029,-0.8128,0.6178,0.2847,0.118,0,0.2802,-0.8265,-2.5493,-0.4793,0.1097,0.7081,-0.3269,-1.3474,-1.1521,0.686,0.9214,-0.4375,-0.4182,-2.0925,-0.658,-2.6251,0.0264,0.0961,-1.039,-0.0768,0.7575,-1.4085,-0.9104,-0.9922,-0.99,-0.2906,-0.771,-0.9785,-0.4032,0.0152,-3.5451,0.5107,-0.5789,0.3477,-1.9848,-2.0573,0.3186,-0.6824,-1.1332,0.2539,0.3368,-1.2581,0.222,-0.807,0.0206,-0.8102,-1.503,-0.4797,-1.6134,1.3819,-0.612,0.3618,-1.4874,-2.098,-2.5928,-2.0307,-0.3165,-1.0364,0.5536,-0.0147,-0.4986,-1.3402,-2.0187,-2.4945,-1.5185,-0.9472,-0.4087,-0.1319,-4.5694,0.1813,-0.6589,-0.1218,0.0518,-0.8716,-0.0369,-0.206
-0.1912,-2.4463,3.7819,-1.9099,-3.1569,0.5809,-0.2275,-3.5108,-0.4451,-1.1206,-2.5478,1.0904,1.7492,1.7509,-0.3365,4.0576,-1.4209,-1.3421,-3.0183,-0.5346,-2.0128,-0.1488,-1.73,-1.7045,-1.328,-0.3648,-0.8559,-3.6974,-1.0079,-1.0807,-2.7626,0.3012,1.3872,-0.5483,-0.482,0,0.0663,-2.365,-0.7023,-1.2242,-3.2663,-0.7329,0.7762,-1.523,-1.9623,1.1073,-0.0503,0.5528,-0.6032,-1.8109,0.3228,-1.2869,-0.93,-1.5073,-1.4288,-1.3774,-0.4037,0.0477,0.5853,-1.1895,-2.167,-1.0013,1.1602,-1.8193,-1.0182,-1.9103,3.2858,-2.6749,-2.1982,-2.5453,-3.3485,-1.6448,0.3764,0.1664,-0.6266,-1.3641,-0.6229,-0.3026,0.9117,-1.0135,-1.7483,0.8781,-0.6385,-2.3181,-2.1242,-1.2776,-2.6058,-0.5617,-0.5242,-0.4859,-0.8118,-1.6349,-1.1644,-0.594,-0.2227,-1.6707,2.9369,-0.3113,-0.0705,0.6529,0.4351,-4.2295,0.0343,-2.5912,-0.7862,0.7311,2.9748,-1.7019,0.7249,1.1715,-4.9026
-1.2297,1.5557,0.0583,-0.1711,0.2737,-1.5013,-0.0447,1.3994,-0.0948,0.3368,1.8579,-0.2503,0.2219,0.274,-0.3266,-1.5213,1.5983,1.4709,0.2288,-0.441,-1.4369,-0.3221,0.0315,-0.3678,-1.2953,0.3509,-0.0403,1.2238,0.0711,0.088,0.6542,0.9666,-0.9943,1.1009,0.3286,-0.2423,0,1.593,-0.5119,-0.533,1.1747,-0.6131,-0.285,-0.1621,-1.1912,1.1816,-0.1001,-0.3077,-0.1706,-0.8874,0.7158,-0.2145,-2.81,-1.5402,-0.6733,0.3783,1.2032,0.8333,-1.2144,0.6055,1.7659,-0.7856,-2.2377,0.7315,-0.3248,-0.0489,0.2644,-0.1287,1.8152,-2.3882,2.162,0.3243,0.0187,0.1927,0.4534,0.0547,0.5676,-0.0568,-0.3911,-0.8917,0.6752,-0.0643,-0.7927,-0.6115,-0.61,-0.0292,0.4069,-1.9284,0.1931,2.5972,-0.4003,0.4806,0.2409,-0.9764,0.319,-0.0288,-0.6467,1.0645,0.3725,-1.2118,-0.1993,-0.0318,-0.1983,2.0405,-0.6958,1.4175,0.547,1.2359,0.0486,-4.2708,-0.3808
-1.2957,-1.3881,-1.3798,-4.1069,1.674,-2.8652,5.6856,-0.6475,11.1476,-3.0888,0.0381,3.9243,-0.1581,8.4544,-0.6132,-0.2292,6.1405,4.6526,-1.2585,-3.559,0.9142,0.0191,6.7355,-4.0619,3.1276,-0.2847,0.1548,3.0497,-1.9647,-2.1888,1.0471,2.7068,0.8963,-2.1377,2.3132,1.2822,-4.0344,0,1.0934,-4.3624,-1.0495,-1.2167,-4.3864,6.4292,0.0906,-3.0872,0.8486,-1.3361,10.3797,1.0075,7.898,-1.1152,-2.9926,0.072,-4.4726,-2.4241,0.331,9.9815,-2.127,-0.4463,-2.5626,-3.2859,-4.276,2.2372,-1.6926,-6.4221,-0.4519,-1.2642,-0.6418,-8.9578,2.9277,1.3441,4.7827,-5.4232,-2.5112,-2.0952,-1.7674,-1.1605,-0.4946,-4.3408,-0.9453,-2.2056,-4.8518,-4.1953,-1.6841,-4.2425,-3.722,-1.591,-1.5923,1.3987,4.8117,-5.69,-3.1013,-1.7502,-1.2012,1.241,1.1861,1.1934,-0.4928,-1.3211,0.5125,0.5114,-0.9511,5.0094,-0.4002,-0.7479,0.1886,0.8205,-0.5928,-2.5117,-1.5902
-0.5814,0.8575,0.632,1.7749,-0.6494,-1.4131,0.1708,0.2408,-2.777,1.0075,1.8363,-1.2481,-0.625,-1.4163,-1.1708,-1.9618,-1.766,1.73,0.7647,-1.02,-0.749,-1.0448,0.9803,-0.0481,0.2864,-1.2894,1.7234,-0.0151,0.0974,-0.0376,1.1298,0.6655,-0.3547,1.0245,0.3537,1.0882,1.8677,-1.8044,0,2.3483,1.4915,1.3149,0.1264,-0.5962,-0.4386,1.7439,1.0482,-0.067,-1.4954,-0.261,-0.9391,-0.4977,-0.719,-3.4001,1.4463,0.4707,-1.3814,0.3063,0.0417,-1.2623,0.8688,0.5003,-1.0238,-0.1137,1.6627,0.8674,-0.3721,-0.1111,0.1512,1.5326,0.9928,0.5087,-0.3303,-0.107,2.5327,-0.496,-1.008,1.1389,-0.9379,0.7811,0.0913,-0.9685,1.1726,2.5621,-1.042,-0.7372,1.1066,-0.4624,-0.3857,-2.06,-2.2999,0.2237,1.2601,1.7683,-0.9446,-1.2421,-0.7842,-0.2457,0.6049,-0.8149,-0.877,0.6714,0.819,-1.7494,-0.1867,1.3739,0.5804,-0.3759,0.3548,-1.7292,0.168
0.7891,-0.1358,-1.3956,1.1478,0.1325,0.0906,0.6365,-1.7226,0.0483,-0.671,0.5056,-1.5897,-0.2104,0.0921,-2.7211,0.9843,0.9958,2.4778,-2.6238,-1.2471,-0.3878,1.2499,-0.255,-0.0302,-0.4653,1.322,1.387,-0.8072,-1.0671,-1.6233,-1.0575,0.3648,-0.9341,1.9793,-1.7778,0.6233,0.5354,1.4498,-1.9548,0,-0.5838,-1.3778,1.8883,-1.9361,-1.222,-1.0705,-0.1888,0.7419,0.2685,0.3701,0.9853,0.0401,0.1899,2.6289,-0.1773,1.2866,-1.9108,-0.2002,-1.2113,0.6412,-1.9538,-1.003,-0.2222,-0.2805,0.0743,-0.7978,-0.2995,-2.3471,0.6179,-1.7405,-0.7037,0.3706,0.0856,0.1371,-0.0326,-1.3911,0.6676,0.0681,0.7014,-0.8509,0.4152,-0.7651,-0.1717,-0.0884,-4.1923,-0.4309,0.6266,0.7618,1.6122,1.7257,1.4735,-0.659,-2.2243,-1.6196,-0.5429,-0.5042,1.5131,-0.3453,-0.3233,1.6725,0.1575,-1.0354,-0.8678,1.567,-0.624,1.7117,0.939,0.5403,-0.126,-1.148,-2.8795
-0.8415,0.9074,-0.9614,1.128,1.9295,-0.9963,0.4052,1.4825,2.0351,-0.2121,1.0005,0.74,-3.7997,-1.5613,-0.8151,0.1308,1.7031,2.261,-0.2115,0.5305,-1.8798,-0.7062,-0.4402,-0.8938,0.3594,-0.793,-0.4485,0.3235,0.1997,-1.0086,-0.1335,-0.6165,0.7031,0.0225,-0.7892,3.3089,-0.1798,0.559,-1.491,0.4761,0,-0.3252,0.5795,0.6247,-0.3411,1.8554,0.2622,0.0865,1.4373,0.0883,0.7138,0.4287,-3.3398,2.6812,-0.4849,0.0568,0.1786,2.5369,-2.2773,2.2644,0.1179,-0.4673,-1.5032,0.1875,0.0902,1.3879,-0.706,-0.2969,0.7481,0.2126,1.18,1.0506,0.1011,-0.4271,-0.0915,0.5662,0.0302,0.2594,-0.1861,-0.9289,0.5602,-0.2102,0.4228,0.2025,-0.7811,1.3684,0.567,-0.8667,-1.5905,1.6475,-0.3633,-1.595,-2.035,0.4968,-0.2944,0.3368,-0.4269,0.6022,-0.4443,0.1285,-0.4376,0.3948,0.8256,1.3834,-0.2622,-0.2933,-0.6306,-0.4515,0.4872,-4.8323,-0.2301
-1.4692,1.4675,0.3978,-1.493,1.1184,-1.9817,0.2301,0.4846,-1.5869,0.4644,1.0532,0.5054,0.064,-0.5974,-0.6267,-3.0001,0.7636,0.9797,0.2287,-1.1683,-0.6796,-0.6595,-0.3429,-0.0462,0.3984,-0.1435,-0.5268,0.3862,-0.0827,-0.1943,1.6732,0.1133,-0.8417,0.2672,0.076,0.7287,0.5543,0.1276,-0.932,0.6534,0.5537,0,-1.0062,-1.051,-1.0345,1.8745,-0.0281,-1.0024,-0.7769,-1.3451,-0.9508,-0.1739,-0.4031,-2.8177,-0.8638,-0.6616,0.1768,0.4264,-0.1128,-0.4603,-1.3354,-1.2582,-0.5882,-0.5478,0.4768,-1.2122,-1.9566,0.5752,1.4549,-2.4375,-0.6304,-0.1059,-1.0429,-0.432,0.6633,-0.9885,-0.1069,-0.3446,-0.3153,0.3129,0.0067,-0.523,-0.5127,0.2076,-0.1337,-0.8665,-0.5734,-0.5725,1.6731,0.4348,-0.6441,-0.9431,0.3918,0.6109,0.3068,0.1602,-0.0761,0.2351,0.1676,-0.1233,-0.7293,0.5413,-0.702,1.597,-1.0317,0.6591,0.3137,0.8322,-0.2963,-0.1002,-0.2697
0.6965,-1.4192,1.2949,-3.3674,-1.032,0.3091,0.3551,0.4493,-0.1173,-1.6885,-0.2685,-0.2394,-2.5483,-3.369,0.6939,0.204,0.3298,-2.0973,0.7911,0.6279,-0.2449,3.2281,-1.2307,0.2848,-1.0843,1.5623,-1.506,0.4464,-0.0643,0.6537,-3.5247,-1.5239,0.9748,-0.0961,0.1893,-1.8173,0.2122,1.4155,1.1938,-1.9106,-0.4335,0.7713,0,-0.0002,0.6369,0.2976,0.2446,1.337,-0.7207,0.9448,-2.1152,1.5518,1.5354,-0.6636,-0.1846,0.1853,-2.2873,-2.1911,-0.5219,-0.1231,0.2019,0.5343,1.3314,3.9161,0.2113,-0.6197,-1.9013,0.5844,-0.869,-1.1974,-0.0591,-1.2899,1.2035,0.4131,0.3951,1.4654,1.9205,0.6518,-0.07,-1.3877,0.506,1.476,-1.3292,-1.8057,-0.9913,0.9059,-0.5865,0.5129,0.1654,1.4287,-1.4202,1.7407,0.7636,-0.4802,0.7489,0.8157,1.8295,-0.822,-0.0865,1.4298,1.4147,-1.0962,-1.224,0.1732,-0.7497,-1.0865,0.3851,2.9572,0.5547,2.0018,-1.2518
-1.206,-2.7641,-2.1069,0.8541,-1.8203,-1.7207,-0.3673,-2.5902,0.4714,-0.9024,-1.0473,0.749,0.4802,-1.3719,-0.9334,-1.2616,-4.7303,1.7098,1.0551,-0.1263,-2.5885,-0.5335,1.3209,-0.1535,-1.0611,-0.0065,0.4969,-2.8306,0.8585,-1.0223,0.3845,-0.5733,-0.652,-1.203,1.151,1.3131,-0.2454,-6.5117,0.3059,0.4707,-0.753,0.7595,-0.9419,0,-0.9972,1.878,0.6137,-0.7835,-1.2501,0.1763,2.4125,-0.384,-0.3138,-3.9829,0.3616,-1.0153,-2.606,1.6974,-0.2826,-1.2338,0.1086,-0.0937,-1.6315,-0.9421,-0.1839,-2.1627,-1.8252,-1.4929,-1.5698,-1.6878,1.0172,-0.4331,2.1238,-1.7964,0.6965,-1.1088,-1.7618,0.6259,0.1736,1.2267,-0.2693,-1.3228,-1.4915,0.5444,-0.0786,-0.9904,-1.0257,-0.0625,-3.9751,-1.0175,-1.6777,-4.4425,-1.1627,-1.3529,-0.7162,0.9253,-0.8566,-0.531,-0.066,-1.1086,-0.0204,-0.027,2.0935,-4.7843,0.4039,0.0476,1.1845,-2.4532,0.5865,-0.4667,-0.1263
-0.8492,0.4341,0.7872,3.4666,1.4459,-0.2899,0.6176,0.7464,-1.2273,0.941,1.0304,-0.1315,-0.4701,0.2064,1.081,-1.1646,0.5959,0.4528,1.1873,0.1587,0.4152,-1.3855,0.2759,0.3715,1.576,-1.8522,0.4281,0.5504,-0.3096,-1.2194,1.6619,-0.1118,0.1559,0.5264,-0.9943,2.301,2.6195,-1.1158,0.4277,1.9719,0.2885,1.3935,0.8571,0.6015,0,0.3439,1.2241,0.7032,-2.1251,-0.6053,-0.5803,0.8564,-2.7306,-2.317,1.6024,0.6848,-1.6261,2.1634,-1.2186,-0.1635,1.3062,0.3706,-2.0458,1.4082,1.1915,-0.1204,1.9376,1.0124,1.1257,2.348,1.072,1.2627,-0.637,0.8031,2.472,1.697,1.6296,-0.2227,-0.1636,0.5294,1.0846,-1.2886,2.3742,1.3875,0.6306,-0.0599,0.9996,-0.6723,-0.1977,-0.4668,-1.325,-1.412,0.8843,1.523,-0.1722,-1.5039,-1.5723,0.1925,-0.7102,-0.7657,-0.8535,0.7188,-0.2238,-1.0099,-0.9524,1.8535,0.8884,-0.5993,0.1997,-0.3844,0.7625
1.4027,-2.0445,0.4434,1.0191,-1.0219,-0.9318,-0.1981,-2.4871,1.3003,-1.5345,-0.3496,-0.1801,1.2238,1.1411,-2.6488,2.4908,-2.0127,0.8257,-1.8709,-1.2527,1.4219,2.1486,0.6561,-1.0611,-1.0352,0.2164,0.6606,-1.9747,-2.0559,-2.2672,-1.7792,-1.0493,3.1169,2.747,-1.5349,-1.2122,-0.6794,1.9215,-1.5009,0.7684,-1.9241,-1.9383,-0.2404,-2.557,0.0542,0,-0.6764,-0.127,-1.5627,-0.1569,0.7365,2.5264,1.9016,0.188,-0.4395,0.3547,0.2211,0.7206,-1.0623,0.3843,-2.8611,-1.2997,2.2104,1.0882,-0.9292,0.9433,2.0846,-1.7734,-0.5739,-3.5985,-1.6894,0.4504,1.4622,1.9178,-1.0469,-0.8745,1.1203,-0.0374,0.5148,-1.5266,-0.6674,-0.2545,1.4799,-1.0721,-5.3829,-0.1477,0.2648,0.0257,0.1672,3.5882,2.5212,1.922,-1.9962,-3.009,-2.5536,0.9311,2.9489,-1.006,0.4547,1.6977,0.5305,0.0197,-1.2439,0.5924,-0.2304,2.5876,2.5424,1.4048,0.2377,-0.646,-4.5215
-1.2511,-0.2789,-0.5693,-0.8708,0.5935,-1.2342,-1.1505,-0.0914,-2.0018,-1.0093,-0.4567,-1.7112,0.3322,-2.0739,0.7271,-0.1144,-2.2702,-0.2546,0.5319,-1.2441,-1.8301,-1.4835,-1.0632,-0.2738,-0.8542,-0.2996,-0.5437,-1.1003,-0.3062,-0.3958,0.2407,0.0645,-1.0046,-0.336,0.4542,-0.015,-0.4752,-1.4926,-0.7593,-1.0257,-0.0864,-0.0868,-1.3357,-0.5848,-1.0251,0.3806,0,-0.431,-1.498,-1.0754,-1.1334,-0.7,0.7427,-2.7169,-0.3796,0.101,-0.1443,-0.0614,-1.1767,-0.1492,0.4744,-0.4476,-2.8018,-2.4486,-1.03,-2.6372,-0.5357,-1.1792,0.475,-2.9535,1.6328,-0.3143,0.8281,-1.7186,0.5075,-0.728,0.0483,0.0531,-0.5023,-0.1017,-0.293,-1.6105,-1.7006,-1.2462,1.2475,-0.1096,-0.8108,-1.9052,0.042,0.6373,-1.9206,0.7175,-1.8658,-1.0005,0.5213,-0.7506,-1.5424,1.0551,-1.2911,-1.8748,-0.6238,-0.4811,-0.2514,-3.3759,-0.3483,-0.0123,0.4672,0.1558,0.3365,-0.4664,-0.2505
-0.6218,-0.3811,-0.3396,-1.0981,1.2261,-0.2881,0.7177,0.9236,0.3985,-1.0129,-0.283,-0.658,-0.5167,0.34,0.5859,-0.6454,-0.8688,-0.3036,0.6643,-1.6595,0.7441,-0.1762,0.1253,0.5788,0.047,0.7968,0.137,0.9175,0.0065,0.4622,-0.1763,-0.4358,0.4669,-0.6212,0.0851,-0.6114,0.3938,-0.1215,0.6677,-0.9847,0.1615,1.0093,-1.3599,0.5629,-0.1353,0.1351,0.2227,0,0.0465,-0.2359,-0.2689,0.3066,1.9735,0.0492,-0.2381,-0.2994,0.0227,0.2005,-0.875,-0.7019,-0.009,-0.173,-1.3704,-0.3926,1.2468,-1.4836,0.1645,0.253,-0.0527,-1.6181,1.4891,-0.1522,0.9202,-1.8295,0.6662,-0.2299,1.5958,-0.6227,-0.53,1.0294,0.2176,-0.6274,-1.5698,0.0131,1.6569,-0.5452,-0.7152,-0.9919,-1.3826,0.94,0.4156,1.4543,-0.308,0.3338,-0.0782,0.1623,-1.6722,0.2843,1.9273,-2.1625,0.0746,1.1611,0.5153,3.6329,0.4854,-0.4266,-0.4378,0.9241,0.4652,-2.5425,-0.3141
-4.2263,-1.1252,-6.3682,-2.2548,-7.4115,-1.597,-1.823,-2.6886,-0.2926,-1.4876,0.1448,1.3014,-0.036,-0.8687,-0.0693,1.2064,-7.938,0.6471,-0.4025,-1.073,-4.31,-1.0124,0.3128,-1.5444,0.2179,-0.5446,-0.1536,-4.7798,1.0283,-2.7162,0.0623,2.528,-0.5358,-1.2631,1.9465,-0.014,-1.5204,-10.4321,1.0296,-2.5924,-1.7227,-0.0041,-1.8432,1.2378,1.3113,0.3308,1.1141,-0.899,0,-0.3142,2.4176,-0.9311,-0.5486,-3.8254,-2.3677,-2.0289,0.1655,-0.0237,0.0046,0.8003,-0.339,-0.6811,-2.6039,-3.2452,-0.6569,-2.6428,2.0672,-0.5956,-2.4009,-5.3996,-1.7873,-0.1606,-1.4105,-3.1255,-0.7905,1.6125,-4.1666,-0.2184,-0.6873,-3.2015,-0.8811,-0.9823,-1.4097,-2.3052,-0.5628,-1.6957,-1.2081,-1.0127,-7.7044,-2.5861,0.3321,-7.3817,1.3554,0.4874,0.2146,-1.3417,1.0335,-0.5587,-0.8555,-2.135,0.3507,-0.5598,0.4772,-7.6614,0.6246,-0.597,1.0017,-3.6713,-1.1098,-1.9992,-1.1101
0.4803,0.347,-1.6606,0.5405,0.6896,0.0621,-0.5426,-0.1871,-0.0225,0.282,1.408,0.4676,2.0433,1.1084,0.2255,1.3117,-1.6553,-0.3366,1.631,0.2561,0.6588,-1.3913,-2.326,-1.0487,-1.5282,-0.5082,0.423,-1.1268,0.6765,0.4214,0.7029,0.4009,-0.0204,-0.4129,-0.3282,1.7597,2.0262,-3.3622,0.1884,0.5758,-0.4399,1.3337,0.3284,-1.2478,0.6375,0.2423,0.6809,0.3771,-1.3334,0,-1.2786,0.1376,0.2205,3.7039,0.8104,0.5797,-1.0893,0.0457,-0.0137,0.6606,1.398,0.0464,-2.1233,-1.3059,-1.3072,0.5375,1.8978,-1.0086,-0.1602,2.2271,-1.5148,-0.2355,-0.4361,0.0638,1.8525,2.3813,0.9607,-0.1009,-0.3804,-1.4766,-0.7862,-1.4874,2.5251,2.0095,2.1081,0.8434,-0.0225,0.5666,-0.0891,0.1814,0.1573,-2.0396,-0.965,2.5469,0.4619,-0.9066,-0.1265,0.1072,-2.3327,0.3635,-0.8532,0.1619,1.1368,-1.8545,0.8018,-0.492,0.4238,-1.4381,0.3502,0.8772,1.9098
-2.3263,-0.6644,-6.7697,-0.8314,-5.7225,2.781,-1.9593,-1.7701,0.0482,0.739,-0.4633,0.8254,3.2866,-0.4901,-0.1375,2.771,-6.9202,-0.3121,-0.4498,1.0371,-0.8922,-1.142,-1.2007,-1.4973,-0.7809,1.3789,-1.1468,-6.8253,1.2756,-2.0358,-0.3427,-0.0691,0.0872,0.0536,2.6164,-0.2805,-0.7359,-8.115,0.7285,-1.6296,-0.7866,0.7685,0.8988,-2.4364,0.2198,-0.9691,1.1874,0.0893,-2.4969,0.3135,0,-0.2911,-1.0812,-1.2744,-0.9213,-0.9828,2.3851,-1.4649,0.0375,0.8143,-1.3611,-0.2522,0.1567,-4.6855,-0.5625,-0.0061,2.5198,-1.554,-1.5623,-3.4867,-3.9841,0.506,-0.1008,-1.425,-1.4194,1.3333,-3.4074,0.07,-0.7698,-3.697,-3.517,2.8378,0.8415,-2.2171,-1.4816,-0.936,0.1452,1.6266,-3.8778,-0.3089,1.4525,-3.8207,1.7878,-0.6221,0.401,-0.282,1.8522,0.4002,-3.0223,-0.6418,0.3464,-1.8983,-0.1472,-6.9559,-1.2317,0.8862,1.7322,-1.1843,0.6155,-0.6028,-1.7389
-0.0787,1.4414,-0.707,-0.5656,1.157,-1.1683,0.2778,2.3984,0.3389,-0.1831,-0.2646,-0.3068,0.021,-1.3585,-0.6168,-2.6093,0.3156,1.2591,-0.2644,-2.5043,-0.5666,-1.6109,0.9416,-0.065,0.9585,-0.1649,0.3185,1.1533,0.6176,1.5947,0.8299,1.2008,1.2225,0.6497,-0.131,1.2766,0.1261,0.5088,0.678,-0.6985,-0.3605,0.1487,-1.7303,0.31,-0.7824,-2.5147,0.7155,-0.3525,0.5836,-0.5088,0.2704,0,0.3271,-2.5776,-1.8078,-0.3527,-0.2984,0.7801,-0.9453,0.7432,-0.3736,-1.4883,-2.1351,-0.6818,-0.1627,-1.8437,-1.7607,1.3847,0.3383,-2.9675,1.7095,0.8551,0.7113,-0.1079,0.9009,-0.758,1.0169,-0.4054,0.0332,0.2515,0.3231,-1.8956,-1.601,0.9429,0.8534,-0.6535,-1.3037,0.5298,0.383,1.2784,0.3806,1.9849,0.5101,0.8911,0.0539,0.0222,-0.0155,0.0692,0.3346,-0.9549,-1.3219,0.343,0.689,3.6419,-1.4592,-0.6865,0.0623,1.9182,-0.0791,-0.2773,0.3116
-0.8398,1.966,-0.5929,3.9493,0.6391,-1.163,-0.9085,-0.9275,-1.5493,-0.8105,0.7928,-0.2111,0.0683,3.5702,0.8407,-4.0654,-0.6769,0.5142,1.3297,-0.4949,-0.1413,-0.7792,-1.5514,-0.1513,-0.7685,-1.2819,2.3419,-1.0105,-0.4354,1.0215,0.4941,0.4115,-2.813,1.9345,-0.4433,1.0983,3.2637,2.2857,0.7822,0.2057,3.3923,0.5713,-0.6069,-0.0472,2.8048,-1.6423,-0.6876,-1.5742,-0.1632,-0.3558,0.8245,-0.3388,0,0.5503,1.3438,0.1762,-1.1111,1.7725,-2.8084,0.2955,2.1964,-0.3021,-2.3754,0.441,0.1351,0.8582,-0.2941,-0.5142,-1.8892,0.35,-1.8036,-1.2879,-1.5018,2.2706,-0.1576,-0.5579,-1.9258,-0.3466,-1.6004,-1.2965,-0.8083,-0.4729,2.6216,2.3867,0.6195,-1.4252,-1.454,-2.5079,-1.503,-0.8738,-0.7801,0.5366,-0.0477,-1.0487,-0.8411,-0.1647,1.7385,-0.4374,-4.1139,1.5822,-0.3745,-0.8888,-0.1351,-2.1242,-1.4465,0.7558,-0.1904,-0.4859,-0.7677,-1.2506,-1.196
-1.13,-1.2394,-1.4267,-5.1214,-3.9943,0.9645,-1.6317,0.8838,1.0884,-1.1484,-2.2682,0.3594,1.3663,1.5069,-0.4076,-2.0611,-2.1703,1.8078,-2.3235,-1.3545,0.462,-1.4361,1.0187,0.4476,-2.6048,-1.3237,-0.2644,0.8979,2.6079,2.9267,6.9748,2.1058,2.1865,-1.0495,1.0007,1.5048,1.2759,-0.5531,3.4315,-2.6759,-2.6807,2.6563,0.1029,4.0339,2.1752,-0.2942,2.7377,-0.0737,3.6747,-3.9371,1.2744,2.533,-0.625,0,-2.0288,-2.033,-0.8337,-0.0028,-2.2983,-2.411,-0.8529,-2.9061,-1.3945,0.1516,0.201,-2.9072,-0.4497,-1.356,0.4063,-3.1701,-1.9635,-1.4627,-0.6204,0.5782,-0.2724,1.3558,-2.1144,1.3262,-1.3074,-0.972,-0.7586,-0.409,-1.3193,-1.2161,-2.4431,-4.0858,0.0482,4.3971,1.5116,-0.1507,2.7392,-3.92,4.7454,-0.5114,1.521,-1.7137,1.4457,0.1931,-0.5147,-0.0141,-1.3805,-0.8519,-1.5129,-0.0647,0.1692,0.5399,1.7961,7.6552,-0.4789,-2.709,-3.1576
0.6887,0.829,0.1379,2.0827,1.9635,0.6002,-0.2371,0.1602,0.5613,0.6034,2.4655,-0.5526,-0.7897,0.1075,0.7958,-0.8465,-0.0231,-0.2029,-0.7586,-0.6032,0.8903,0.0444,-1.6407,0.4069,0.1081,-1.0167,-0.9937,1.1661,-0.1912,0.9734,0.4823,-1.7956,-0.6424,0.353,-1.4148,0.9691,1.0077,1.825,-1.3338,0.2824,0.2141,0.347,0.4383,-1.7812,-1.3147,0.2094,-0.7498,-0.1985,0.1767,-0.4998,0.0596,1.1155,-1.5569,1.4689,0,0.1191,0.0403,-0.8231,0.0019,-0.64,0.853,-0.2445,-0.9189,2.228,0.1454,-0.794,-0.5518,-0.703,1.7016,0.2956,-0.6071,-0.3513,-1.7573,-0.6633,1.5148,0.1385,0.9642,-0.1843,-1.1654,-0.1966,0.2779,0.3312,0.646,-0.7172,1.6372,0.0337,0.7599,-1.4142,0.1274,1.3389,-0.0846,1.5218,0.2943,0.8261,0.3881,1.1257,-1.8555,-0.0314,-0.8194,-1.1535,-0.7412,1.3204,-0.4391,1.4583,-0.0484,-1.6854,-1.4438,-0.0668,-1.2032,-0.5399,1.5627
-0.2843,-2.0362,1.946,2.8476,2.1531,-1.0724,-0.1953,-0.3768,-0.4932,-1.5961,0.3404,-0.4996,-0.6418,1.0805,0.8628,0.5866,0.6396,0.7387,-0.975,-1.2875,0.4932,-0.416,1.2931,0.9065,0.9891,-0.8501,0.7049,1.875,-0.1236,0.1809,1.1253,-0.0082,-0.4253,0.4582,-1.0486,1.3785,-0.2115,1.57,-0.14,-1.5771,0.1139,0.6578,-0.484,0.8984,-0.4022,-0.3905,-0.1862,0.2761,1.505,-0.6759,0.948,0.3415,-0.0462,2.143,-0.7174,0,1.1649,0.5439,-0.9485,1.901,1.6702,-0.903,-2.35,0.5874,2.85,-3.2845,0.9037,-1.1494,1.7939,-2.3526,1.3746,1.0318,-0.3853,-1.1779,2.3047,-0.9057,-1.3678,-0.0758,-0.7126,1.1469,1.9263,-0.9864,-1.2126,-2.3811,-0.8262,-1.0337,0.9757,-1.7928,-0.1308,1.2145,0.3624,-0.853,1.0781,1.1738,1.1109,0.8342,-0.1318,0.3312,0.1833,0.7948,-0.4078,-0.481,-0.0426,1.1665,-0.6131,-0.4932,-1.0972,-0.1114,-1.1452,-1.7113,1.5804
-0.907,1.8258,-2.713,0.9196,-2.8689,0.7079,-1.8408,-1.5992,-1.3295,-0.7792,-2.5681,1.5891,-0.0458,-2.0567,-0.0182,-2.3979,-2.9884,-1.1687,0.0724,-1.2181,1.8513,-0.554,1.5685,-0.3059,-2.1617,1.198,-1.1888,-2.8512,0.6819,-0.2565,3.4855,-1.5506,-0.0963,-0.7153,1.4069,0.3079,-1.3226,-0.4311,1.1172,0.448,-0.2734,-0.3384,0.8677,2.622,1.2107,-0.5923,0.21,-0.2944,-0.2129,0.0292,-2.3852,0.2057,0.6681,0.756,-1.1886,-1.2482,0,-0.5283,2.08,-1.8497,-1.6159,-0.9583,-1.0637,-0.7507,1.1378,-1.9369,-0.2254,-0.0339,-0.3181,-2.6718,-0.225,0.5439,-1.3607,-3.1188,0.2274,2.7339,-2.0082,0.9302,0.8276,-2.252,-1.2903,-2.1878,-0.8474,-1.1767,-0.0979,-1.5882,0.8873,0.2226,-4.5191,-3.4642,0.128,-0.406,2.6518,-1.176,1.761,0.393,-0.2246,-0.3396,-0.3923,-1.8721,-1.8444,0.3671,-0.8734,-5.0195,0.3673,-2.1296,-0.5171,-0.7909,0.0546,-2.2619,1.5426
-2.9515,-0.1293,-6.0656,0.6719,-3.5227,-0.6356,1.0604,-1.3661,2.0595,-1.7665,-0.7171,-1.7593,-0.7179,-1.0564,0.5003,0.5788,-8.2507,0.98,0.9904,-1.4774,-2.8637,-1.6004,-0.0573,-2.0571,0.3962,-0.3597,-1.0185,-2.6799,-0.1525,-2.118,0.3681,-0.1357,-2.9405,0.3014,1.096,-0.213,-1.9985,-11.4681,0.0551,-1.6015,-2.3352,-0.6691,-0.3395,-1.5146,-1.9685,-1.1394,0.0486,-0.6071,-0.0605,-0.6155,1.8828,-0.7569,-1.749,0.1786,-0.9396,-0.7234,0.8107,0,-0.9455,-0.902,0.0322,-0.2258,-2.1868,-5.0266,-0.9936,-2.8276,-0.2117,-2.3686,-0.8523,-4.4035,-3.9457,-0.2678,-0.3599,-2.4808,-0.7457,1.1259,-2.5828,0.5794,-1.7922,-1.6413,-1.5724,0.0249,-0.496,-4.1143,2.4603,-0.3198,2.1613,-2.5798,-5.8312,0.5903,1.1269,-6.7276,0.6004,0.0215,0.6464,-0.7841,-0.6928,0.2916,-1.3946,-1.2257,-0.0082,-1.7128,-1.6577,-6.7226,-2.4469,-1.3969,-0.4228,-1.777,-1.9089,-1.5674,-0.2314
-0.0726,0.5223,3.2556,2.4378,1.6759,-1.9059,-1.2195,0.4632,-0.1058,-0.2299,0.4283,-0.9934,-3.9037,-1.5428,-3.4912,0.8134,0.7504,0.7617,-0.8342,0.0598,-0.2252,1.131,0.8392,1.009,0.9609,-1.4594,2.4247,0.3988,-0.1976,-0.6357,2.0127,1.2366,0.5893,0.4681,0.1503,-0.6888,2.3408,0.3935,-0.1302,1.8055,2.0919,0.0706,1.5489,-0.6933,1.2951,1.1152,0.768,0.9829,-1.6084,0.0133,-0.865,0.584,2.7937,1.9763,0.3464,0.8278,-3.1846,0.3395,0,-1.4774,0.0514,-0.5551,-1.0302,1.8322,0.7549,1.2168,-0.0686,0.1779,0.9467,1.6022,2.4366,0.2165,-1.7863,-1.0087,1.1786,-0.4172,0.3517,0.4465,0.2862,1.3023,1.1662,-0.099,-0.8953,2.4467,-2.9943,-1.2666,0.088,-0.09,1.1784,1.9288,-0.427,-0.8244,-1.4538,1.1546,-1.3881,-0.3173,-0.5009,0.1412,0.6404,0.6858,0.129,-0.2224,-0.1291,-0.331,1.6947,0.2512,0.8395,-1.0058,1.4956,0.6608,0.2742
0.4664,-1.0011,-0.1692,-1.2476,-1.8318,0.5182,-0.2239,0.779,0.5125,0.5105,0.2443,1.4496,1.7904,1.1657,0.5427,1.9793,-1.0446,-1.8788,1.4058,0.2173,1.2716,0.4035,0.2453,1.3767,1.39,1.1073,-1.208,0.3975,0.5904,0.1415,-0.0073,0.4962,1.4177,-1.1882,0.9139,1.3708,0.0121,-0.025,1.2652,-0.5945,-2.2569,0.5985,0.24,1.1149,0.0983,-0.3086,0.3308,0.7986,-1.1937,-0.9923,-0.9667,-0.6603,-0.3468,2.4106,0.2367,-1.6882,1.7829,1.1265,1.0249,0,-1.2672,1.009,0.314,-0.3699,0.3625,-1.07,0.9622,-1.2578,-0.6598,-1.2461,-1.8977,0.084,3.019,-0.984,0.1835,1.1674,-1.032,-0.4968,0.1118,-0.6768,-1.153,1.389,0.3384,-0.746,0.0011,0.5634,-1.8408,0.1993,-0.9998,-0.1791,-0.8816,0.2682,-0.718,-1.2505,0.9818,2.1428,-0.0718,0.2789,0.1685,-0.5157,0.1058,0.3344,0.7404,-0.4725,0.3665,-0.8526,0.6745,-0.3068,0.58,0.298,-0.2826
-0.2413,-0.2391,-0.9566,1.0816,1.9497,-0.3442,-0.0213,0.1928,1.1358,-0.5958,1.4627,0.1345,-0.5067,1.5733,-0.7479,1.5861,-0.7517,1.1675,0.063,-1.3663,-0.1719,-1.0887,0.7974,0.59,0.8907,1.2991,0.653,1.313,0.8652,-1.0798,1.1619,0.5259,-0.3635,0.0782,-0.0294,2.1978,-0.8532,1.6826,-0.7396,1.6116,-0.1213,1.3751,0.0187,-0.5326,-1.1985,2.7867,-0.5446,0.1224,-0.4178,-1.503,1.1953,0.3111,-2.2051,0.8014,-0.9893,-1.6041,1.3911,-0.16,-0.2057,1.3065,0,-0.1867,-0.4002,-0.3399,-2.5032,-0.1013,1.2811,-1.8511,-0.2562,0.0078,-0.5289,-0.5167,0.6064,-0.146,0.6513,-0.3233,-0.6584,0.4328,1.6557,0.1574,0.4663,0.8083,-1.0091,0.0623,-0.0445,0.5058,-1.2653,0.289,1.5909,1.8886,-0.0399,1.4692,-2.1546,-2.2297,1.3348,1.2047,0.4048,1.6818,0.2462,0.1798,0.4756,1.517,2.3303,2.5392,0.2843,-0.6409,-0.4217,-0.6408,0.0337,-2.5703,0.2032
0.515,0.1458,0.7616,1.3777,2.1209,0.2708,-0.3078,0.8963,-0.3404,-0.1475,0.5565,0.3346,-0.6623,-1.1939,-0.6128,0.8162,1.7706,-0.2531,0.6559,0.0116,0.8838,0.1306,-0.56,0.1158,-0.2441,-0.494,0.1783,1.6924,0.2968,1.1909,1.0345,-2.2239,0.9174,1.2914,0.0566,0.984,2.1045,1.7332,-0.6035,1.6417,0.1482,1.2801,0.6068,-0.7451,-0.3747,1.389,0.121,0.3881,-0.6039,-0.0491,-0.3984,1.1836,0.2019,2.6521,0.6039,0.8455,0.2549,-0.2737,0.5491,-1.3732,0.0776,0,-0.0953,2.2851,1.0413,-0.509,1.6262,0.8517,1.1545,1.3534,0.8228,-0.051,-0.3269,-0.673,0.8061,0.9907,1.887,-0.3571,-0.1377,0.409,-0.008,-0.4374,1.2668,0.9395,-0.4347,0.4392,0.8656,-0.259,-0.0512,-0.0716,-0.2652,2.3755,-0.7883,1.029,-0.9099,1.2036,-2.2695,0.2235,1.9164,-1.3344,-0.2736,0.0418,-0.1657,0.9926,1.1482,0.3528,-0.7449,0.6752,0.6291,-1.3329,0.1437
-0.9148,0.6353,2.2555,0.7402,0.9543,2.036,0.7443,-0.4331,-0.7021,2.057,0.1084,-1.25,-0.8516,0.0908,-1.2092,-3.0597,2.1411,1.4483,-0.9129,1.2218,2.4513,0.4172,0.8877,0.3748,1.3599,-0.2271,2.9345,1.3168,1.0051,1.0655,0.4956,2.6113,3.4386,3.3652,-0.1955,-1.2376,4.2757,2.2719,0.6415,2.1749,0.829,0.5904,1.2265,0.3947,1.8577,-1.9901,2.3261,1.6441,0.9607,2.1285,-1.356,1.5705,2.1088,0.7353,1.8374,2.2278,-0.2098,1.5379,1.0577,-1.0487,0.1514,0.0742,0,2.4044,3.8713,0.902,-0.2865,0.7166,1.4772,2.8587,1.8002,1.811,2.2212,-0.057,3.1537,0.9542,2.5414,1.7901,-0.9883,1.4124,0.9874,-0.8611,-0.2712,1.9975,-3.0728,-1.0418,-0.837,0.0076,2.2543,1.6787,1.1375,-0.3141,2.1741,2.4813,-0.1587,-0.2926,-0.2905,0.3142,2.4566,0.693,0.5964,0.7719,-1.2605,1.2004,0.8804,2.0806,1.8477,-0.0696,0.1783,-2.1799,0.5471
-1.3755,0.1767,-1.7481,0.4624,-0.0874,-1.9022,1.2045,-2.667,1.6443,-1.0204,-0.6822,0.1925,1.3899,1.8158,-0.8716,1.0851,1.9368,2.3598,0.0874,-2.0494,-2.3283,0.0641,2.8412,-1.4682,1.5347,-0.8572,0.0526,0.0045,0.5259,0.132,-0.9531,1.8136,0.7789,0.3909,0.3671,1.3543,-2.0084,-2.3217,-0.2182,-1.7904,-0.4325,-0.0563,-5.0035,0.9645,-1.875,-1.7396,2.1622,-0.4538,3.2563,-0.0839,4.7053,0.353,-0.893,-0.3048,-3.9144,-1.0551,0.7479,4.7743,-2.9832,0.1701,-0.3049,-3.3528,-4.3281,0,1.9647,-3.2385,1.4568,-0.5508,-1.59,-5.0615,0.3376,0.6854,1.9573,-2.0112,-0.7224,-0.3571,-0.0967,0.3013,-0.8068,-2.7468,-0.6036,-1.932,-3.1618,-1.8164,-1.5159,-0.8218,-2.7572,-1.6176,-3.5107,1.1291,2.6129,-3.0339,-0.6953,-0.4536,-0.2762,-1.1724,-0.1794,1.6622,1.0183,-1.4998,0.593,-1.1599,-0.0143,0.5411,-1.0384,0.5497,-0.487,-1.0862,0.0533,-2.246,-1.0561
-2.8049,1.2901,0.02,-1.8765,3.3161,-3.5752,0.0396,0.1589,0.1617,0.9453,0.8673,0.0939,-2.387,0.5161,-2.013,-0.5677,0.7395,1.7338,-1.2387,-0.2154,-1.732,-2.2145,0.948,0.3863,0.2567,-1.3627,1.5846,1.168,0.2866,-0.3012,-0.512,1.4172,1.938,0.4149,-0.3768,1.0307,0.848,0.6137,-1.5213,-0.1298,-0.0676,-0.438,-0.0435,-0.1698,-1.0247,0.923,0.9227,-1.1398,-0.121,1.2186,0.3519,0.0602,-0.0692,-0.3229,-0.4142,-2.8477,-1.5823,0.7925,-0.8348,-0.3821,2.5743,-1.0789,-3.9571,-2.9328,0,0.3825,0.2806,0.0054,2.6084,-0.9185,6.6302,1.1558,0.0533,-0.7884,0.2838,0.1083,0.2298,-0.1064,0.4373,1.9227,0.4036,-0.85,-1.4127,2.6237,-0.0236,0.7642,-1.1614,-0.4643,1.2259,1.3363,-0.7712,-1.153,-3.4831,3.023,-0.1257,-0.9105,-0.5366,0.6263,0.4077,-2.2856,-0.328,0.5061,-0.0448,1.2445,0.2327,0.9242,1.2325,-1.6792,0.4725,-3.387,1.7284
-1.0491,-1.9269,-0.1499,-3.7708,-1.4983,3.1828,0.3489,0.5228,-1.8262,0.2931,-0.628,-0.1085,1.6394,-1.0409,2.192,0.5666,-0.4495,-2.7485,-0.2843,1.255,1.3641,0.7336,-1.2848,-0.9597,-1.0659,1.5129,-3.3211,-0.8851,-0.2433,0.4168,-3.0348,-3.0992,0.2077,-0.941,0.9716,-1.218,-1.1078,1.088,-0.473,0.4408,-2.7486,-0.3482,0.0769,-0.2189,1.6694,-2.6383,-0.6653,0.2716,-2.4672,0.6313,-3.1776,0.4078,-1.2967,1.6442,0.9084,2.5168,-0.3716,-1.7095,-0.4362,0.3136,-0.5741,1.7854,2.1901,-0.3808,-1.3887,0,0.0059,0.9533,0.9535,0.6711,-0.1275,0.4083,2.5015,-2.67,-2.0392,2.0096,-1.0214,0.9306,-1.2736,-1.1695,0.1073,0.0732,0.6051,-2.4256,-0.1786,-0.2989,-0.4251,-0.2067,0.7948,-0.5507,-0.346,3.0308,3.4596,2.5482,0.9223,-0.0091,0.983,0.0838,-0.4803,-0.4363,-0.3766,-0.527,-1.4035,-0.6381,-0.2954,0.3037,-0.1597,-0.5305,-1.7352,0.4988,0.012
-1.8831,0.7314,-1.0397,1.0175,-4.5834,3.2822,-1.9532,-0.6244,-1.3207,-0.8018,-3.588,-1.8636,1.6858,-0.564,1.4774,-2.2912,-2.6239,-3.2257,-2.3729,1.4654,1.2306,-1.5838,-2.1845,0.8631,0.2458,-0.0921,-3.3016,-1.1107,2.3076,1.7912,3.8999,-2.4732,1.7179,-1.8734,-0.5886,-3.1505,-0.5091,0.0185,0.5078,-0.7279,0.7767,1.7604,0.6032,1.9191,-1.9173,-2.2125,0.5492,-0.3067,-2.4726,-2.3443,-2.6081,1.7437,0.1993,0.4788,-0.3465,-0.9557,0.2391,0.2618,-0.4053,-0.8924,-1.3632,-1.9219,-0.4688,-1.6447,-0.4164,-2.7999,0,0.9949,2.7398,-3.0184,-0.6306,1.3499,-1.127,-1.2363,0.2259,6.0882,-3.1059,0.8627,-0.3751,-3.0981,-1.454,-2.0242,-1.295,-1.7391,1.722,-1.9154,0.7942,0.9795,-0.4316,-4.1122,-2.8469,0.9646,4.4119,-1.0022,2.026,-2.8165,-1.3427,-1.3561,-1.6794,-3.7631,-3.5006,-1.3068,-3.0446,-4.6625,0.6298,-0.9429,-0.287,-1.8462,-1.4891,-7.5326,0.5148
0.4339,1.6726,-0.0217,2.46,4.3412,-3.0588,0.999,-1.2813,-0.2791,0.5977,0.0004,0.9321,-0.0589,1.689,-0.1859,-1.377,2.4643,3.8017,-2.2616,-1.819,0.4422,-0.8069,1.1496,-1.0326,0.8036,-0.199,1.964,1.0099,-1.4667,1.0296,0.9055,2.4979,-2.3126,1.4163,0.5572,2.8175,1.0658,0.9245,0.0793,2.0701,0.3176,-0.2188,0.0118,1.4035,-1.081,1.7854,1.4202,0.1071,0.3751,0.6197,1.5207,-1.1816,0.4698,1.3787,0.4442,1.3057,-0.0384,2.6666,-0.4848,1.2586,1.8051,-1.0666,-1.3653,0.4084,0.0878,-1.0067,-0.8367,0,-0.349,-1.4515,0.3477,-0.0726,-0.083,-0.5327,1.0456,-2.0755,-0.6234,-0.3322,0.7281,2.1137,1.7092,-0.5178,-0.788,1.0442,-1.8706,0.0774,0.6518,-2.4112,1.0609,-1.06,0.8805,-0.3748,-0.5378,1.2501,-0.5553,-0.8029,3.3911,-0.3763,-0.2371,0.8213,0.2847,-0.9861,1.7226,0.5118,-0.8038,1.4724,0.9559,-0.0919,-0.3216,-1.7044,-1.1755
0.7946,0.816,-0.8571,0.7056,0.69,-1.7531,0.219,-0.3057,1.6116,-1.3942,-1.6051,-1.1687,1.215,1.4121,0.6141,-0.6674,2.6064,0.8658,0.1939,-2.3413,0.9567,-1.3451,0.738,0.43,2.1063,1.9314,-0.8382,0.6141,-0.0045,-0.2212,1.0735,-0.0035,-0.4316,-0.3439,-0.3543,1.9476,-2.275,0.3937,-0.1518,-1.9189,-0.7528,-1.6013,-0.6212,1.6565,-1.2387,0.1181,-0.4617,-0.337,2.3507,-0.6123,1.6561,-0.4048,1.6583,-0.4296,-3.0118,-1.9089,0.3628,0.9121,-1.6413,0.6604,-0.0211,-1.8034,-2.4501,1.5689,-2.7999,-3.6834,-2.7212,0.4217,0,-3.8526,0.575,-1.5976,1.3361,-0.6687,0.4463,-1.104,0.0119,-0.1589,0.3038,0.1004,0.146,-1.5762,-3.4487,-0.7163,1.1357,-1.508,-0.2512,-1.1158,-0.0482,1.6193,-0.2909,-0.925,-1.1551,-1.5331,0.9129,0.7591,-0.0075,0.8312,0.3584,-0.2326,0.1428,1.1491,-0.0884,0.652,0.2057,-0.9431,-0.1306,-1.4973,-1.4009,1.1737,0.0102
1.1073,-0.1777,-0.1767,1.8825,1.0687,-1.6649,-0.9911,1.0812,0.9088,-0.6796,0.4465,-0.4752,0.8492,0.3598,-0.567,2.3688,1.6439,-0.1471,0.4287,-2.0416,-0.6963,0.7015,0.7474,-0.2241,0.0594,-1.3687,-0.8274,1.228,-0.4049,-1.6482,2.0319,-1.0957,0.164,-0.3862,-1.292,0.3895,1.1093,3.5672,-1.6903,1.4052,-1.8796,0.6123,0.5915,-1.4658,-2.1728,3.2706,-0.317,-0.1131,0.7929,-2.015,1.899,0.9265,-0.8943,1.5963,-0.7296,0.6951,0.2119,-0.4684,-1.0859,0.3166,-1.2929,-0.8635,-0.3511,0.8206,-0.2586,-0.7019,0.9121,1.2257,0.059,0,-3.4401,0.8704,-0.8513,0.3042,-0.337,-1.2713,0.0715,-1.4071,0.273,-0.3496,0.3895,1.2864,-0.2578,-2.0961,-1.2342,0.2805,1.1574,-0.2996,-0.4418,-0.71,0.3669,0.6022,-1.6092,-2.9712,0.1244,-0.3643,-0.752,-0.2514,2.3347,1.7058,-0.0294,-1.7049,-1.2997,3.3766,0.4185,2.7608,0.0092,-0.63,-0.066,1.335,-2.289
0.046,1.0592,-1.23,2.4258,-1.9221,-2.8707,0.3099,-0.6765,2.1622,-0.1427,0.5337,0.9515,1.1283,0.9754,0.0112,1.3356,-0.0645,0.7843,-0.0495,-1.817,-0.8162,-2.3227,0.6079,-1.6159,-0.2256,-0.3709,0.9671,-2.3004,0.0158,0.1034,2.593,0.074,-0.4676,0.0187,2.0564,3.167,-1.8261,-3.3378,-1.0519,-0.2653,-1.1953,0.5228,-0.6407,-1.0784,-1.2267,1.3273,-1.4607,-1.4851,1.6779,0.7483,4.0422,-1.6778,1.5681,1.9326,-0.4012,-1.359,0.2083,4.0097,-2.9472,1.8577,0.2879,-1.3551,-2.6332,-0.4375,-6.3333,-1.8399,0.6428,-0.3337,-0.5507,0.0277,0,-1.3708,1.2413,-0.5295,-0.7508,-1.441,-0.7334,0.8331,0.0771,-1.3485,-2.5743,-0.5495,-1.1009,1.6734,-0.9751,0.635,-1.9617,-1.5809,-0.6116,0.4896,1.231,-3.2104,-3.4481,-1.4382,0.4444,0.0374,0.1182,0.722,-2.1891,0.0338,0.981,-1.3296,1.217,-1.2672,-0.4265,1.5575,0.2224,-2.2781,-0.3856,-0.8598,-0.6337
0.0621,-0.6185,-1.314,-0.64,-1.9504,-2.1771,-0.529,-1.6332,-0.056,-1.2795,-1.3695,-0.7152,-0.0267,-0.3984,-0.5953,-0.1768,-1.9433,-0.1709,-0.4558,-1.0492,-0.2718,-0.322,-0.0268,-0.1227,-1.0578,0.8716,-0.749,0.1431,-0.4978,-1.3907,1.4101,0.5375,-0.4615,0.2864,-0.2676,1.339,-1.432,-1.6762,-0.404,-2.0658,-0.9864,-0.2216,-0.7529,0.6099,-1.288,-0.9382,0.2548,-0.334,0.0781,-0.5755,-0.3502,-0.9122,1.109,1.4999,-1.4291,-1.2524,-0.4311,0.2799,-1.0011,0.0022,0.2219,-0.6266,-2.7497,-0.7226,-1.4564,-4.0623,-1.3607,0.2614,1.6412,-4.9355,1.4819,0,-0.2102,-1.2194,-0.5403,-1.462,-1.0855,-0.4811,0.0361,-0.006,0.4987,-0.9044,-3.2069,-3.1604,-0.4611,-0.6277,-1.7045,-1.5556,-0.4923,1.4889,-1.545,-0.6552,-2.043,-1.1101,-0.1036,0.2507,-0.4065,0.2629,-0.7078,-1.2939,-0.9381,-0.1713,0.5105,0.7466,-0.0574,-0.1587,-0.6478,-1.447,0.605,0.02,-0.0959
-1.3357,0.2037,-0.8481,0.9055,-0.2269,-1.7894,-2.4909,-0.0261,0.0465,0.1396,-0.8201,0.3353,-0.5811,-1.1129,0.0289,0.7363,-4.4934,-0.0988,1.8455,-0.6149,-0.8471,-0.8931,-1.6563,-0.6911,2.433,-0.864,0.5157,-2.1073,0.24,0.1363,1.2134,1.4272,1.1019,1.014,0.6762,-0.4101,-0.3709,-5.5244,0.4389,-1.1022,-0.0514,0.8671,-1.9144,-2.2284,0.6313,-1.6612,-0.7888,-1.0504,1.2038,-0.1688,0.1545,-0.7269,1.3832,0.6409,0.5215,0.2704,1.4282,0.4263,1.1019,-2.996,-0.7402,-0.1512,-2.8802,-2.1674,-0.2593,-4.3359,1.1132,0.2201,-1.3641,-2.1045,-1.2398,0.2077,0,-2.8021,-1.3924,0.5388,0.1342,0.9026,-1.2031,-1.1027,-2.2584,-0.7368,0.1419,-0.2197,0.5857,-2.5002,-0.554,-2.7591,-1.1214,-0.6482,0.963,-3.0707,-0.1649,0.4531,-0.1554,-0.792,-1.0652,0.4318,0.945,-1.4599,-0.4786,1.8708,1.0056,-2.1084,-0.7342,0.4574,0.2558,-0.4226,0.9855,-1.4515,-0.7627
-0.4999,0.6816,-0.6704,-0.9356,-1.1512,1.3993,0.1404,0.1189,1.1773,1.4917,3.4789,0.4626,3.7956,2.3387,0.4465,-0.2923,2.521,-0.8165,-2.1612,0.2861,0.3203,0.5431,-0.0397,0.7451,0.0868,0.6598,-0.1638,0.4641,-0.1437,0.0636,-1.3988,0.3988,-2.7361,-1.5444,-0.7385,-1.5876,0.2533,2.6992,0.0268,0.131,-0.2165,-0.334,0.2456,0.1768,-0.8126,-2.6269,0.2218,1.3988,0.4863,0.025,-0.093,-0.9187,-3.0036,-2.0767,0.6666,0.4978,1.8688,0.5841,1.1815,0.224,-0.4468,0.7867,0.7798,-0.0216,0.3269,2.7323,-0.3118,0.0448,-1.1664,0.1876,-0.8119,-0.894,1.5542,0,-0.5097,0.176,-1.2402,0.77,-0.2021,0.4851,-0.2287,0.9523,-1.451,0.9294,1.3354,-0.1503,-2.1807,0.2843,2.815,-0.4562,-0.1472,2.1818,2.249,0.8109,0.8708,-0.1725,1.1702,-0.8416,-1.9871,-0.9726,0.1171,0.5103,-0.6769,1.2091,-0.4047,-1.8384,0.9214,1.6752,-2.1475,-1.0773,0.2785
-1.0665,0.3318,-0.9208,-0.5188,1.3036,-0.426,0.8872,0.3353,-0.1007,-0.2829,-0.514,0.6634,0.9793,1.7243,-0.6515,0.5559,0.1159,2.0501,-0.401,-2.3107,-0.1843,-0.1698,0.3338,-1.0097,0.249,0.0287,0.5991,1.2456,-1.9735,-0.2483,1.6142,0.5982,-2.9377,0.9694,-0.3832,0.6253,-0.6218,1.9097,-2.2295,-0.8427,0.3243,-0.6766,-0.8982,-0.8153,-2.1703,0.929,-0.5536,-0.7266,0.3745,-1.9975,1.4979,-0.9052,0.2985,0.355,-2.2184,-2.2991,-0.2931,0.6524,-1.3663,-0.0334,-0.6187,-0.9333,-3.3951,0.3944,-0.3052,-0.0294,-0.2526,-0.7372,-0.6002,-3.4504,0.8196,0.3706,1.4067,-0.337,0,-2.0887,0.3803,-0.6217,-0.6011,-0.3814,-0.6287,-0.7012,-0.197,-0.2567,-0.1153,-0.194,0.2176,-1.6901,0.66,2.406,1.974,0.4851,-0.1991,0.2405,-0.0319,-1.6355,-0.3387,-0.642,-0.0822,-0.222,-0.595,-0.5481,0.9941,3.2175,-1.2404,-0.0696,0.2413,-0.2057,-0.1002,-2.7688,-1.8151
-0.72,0.9513,0.606,1.0025,0.0266,-0.9801,-1.7665,-0.2328,-1.3858,0.6392,1.3798,-1.5969,1.2327,-3.8598,0.77,-5.5333,-0.8563,-0.1807,0.1593,-0.4228,1.0863,-0.6518,-0.3046,1.3354,0.1912,-1.1665,-0.8348,1.9555,0.3497,2.3703,0.7214,-1.5101,0.8411,0.2707,-0.8801,1.3392,0.3926,0.7546,0.8967,1.1113,-0.5735,0.9692,-1.1292,0.7379,-1.4503,0.8706,0.4946,0.2535,-2.8989,-2.3547,-1.8115,0.6307,0.7021,-1.6144,-0.3709,0.8776,-3.5075,-1.6126,0.4405,-1.2487,0.3558,-0.9335,-0.8617,-0.5604,-0.1094,-2.2103,-6.9761,2.4303,0.7012,-0.1996,1.2684,1.0,-0.8818,-0.5882,2.0326,0,-1.5205,0.6088,-0.5859,1.2903,-0.2718,0.2276,-1.7404,1.2479,0.8117,-0.5944,1.2496,-0.8297,1.0176,-1.1872,-3.9835,1.4808,1.9932,0.7533,0.1626,-0.0067,-2.6551,-0.9458,1.1229,-1.6765,-1.5889,1.5207,0.8566,1.6056,0.1317,-0.328,-0.1879,-1.0831,0.564,-0.5611,2.7379
-0.7492,-1.4811,-1.4406,-1.469,2.389,-2.5615,0.1455,-0.152,-0.2441,0.2282,1.5775,1.1785,-0.6602,0.2081,-1.1267,2.9059,1.6936,1.4395,-0.5789,-2.5993,-0.2301,-1.916,0.9538,-2.3703,1.4147,-0.1509,-0.8088,1.1711,0.1214,0.5159,3.1913,1.8136,0.751,1.276,1.25,0.5725,-0.7887,1.6101,0.8494,-1.5613,-0.127,-0.0685,-2.4024,1.7973,-1.8512,-1.3409,0.0274,-1.6698,4.1405,-1.7737,3.4413,-1.0251,1.6146,2.0458,-2.0544,1.122,2.0238,2.6781,-1.154,0.9592,0.3167,-2.5553,-3.8492,0.0489,-0.5467,-1.1917,3.0412,0.5905,0.0191,-2.9108,0.7201,1.1555,-0.1164,-0.2212,-0.3868,0.9754,0,-0.3431,-0.8797,-1.2649,-0.5908,-0.7593,-1.9111,-0.1334,-0.4954,-0.4307,0.0303,-0.7894,-2.4878,-0.5247,0.8795,0.405,1.4222,0.469,0.6608,1.0108,-0.6383,1.758,0.7981,-2.3742,-1.2067,-1.2651,-0.3892,0.2092,0.2508,1.0317,-1.0846,-0.3014,-0.3085,-1.9317,0.2308
-0.45,-0.3885,0.4419,0.2382,1.338,-0.5974,0.4116,0.5334,-0.5009,-0.5878,1.6015,-0.1909,-0.5251,-1.6413,-0.1751,-0.672,-1.3858,-0.1035,1.2342,-0.0707,0.5315,-0.5838,-1.8549,-0.0416,-0.5458,-0.4316,-0.7618,0.6553,0.0804,0.6317,0.0644,1.0967,1.1758,0.17,-0.6422,0.2873,0.2002,-0.0236,-0.7811,-0.4417,-0.1035,0.3361,-0.8019,-0.9954,0.6709,0.0057,-0.2163,0.6172,-0.6749,0.1405,-0.2655,0.3727,0.5649,-1.4215,-0.3108,0.0917,-1.2828,-0.9332,-0.451,0.6623,-0.3743,0.4333,-1.7217,-0.9437,0.1231,-2.1071,-1.0998,0.6221,-0.1534,-0.871,-1.026,0.0541,-1.1633,-1.3716,0.5844,-0.6277,0.1602,0,-0.1489,-1.7571,-0.0292,0.2378,-1.4068,-0.993,-1.0144,0.6354,-0.6887,-0.2961,1.4308,1.8461,0.0978,-1.3857,-0.7409,1.7935,-0.3154,-0.5168,-0.4803,0.7182,-0.5805,0.4932,-0.2531,-0.5193,-0.7081,-1.2948,-0.747,-1.0944,0.3696,0.855,0.1975,0.5427,0.6494
1.4203,-0.0172,0.9339,-1.1831,0.3033,0.3387,-0.2068,0.2948,-1.3402,-0.5688,-0.8125,-1.0191,1.1894,0.4516,0.1004,-0.7681,-0.2399,0.0589,-0.831,-0.825,-0.0847,0.1266,0.2427,0.3277,0.3924,0.9185,1.4369,0.1409,0.19,1.3406,-0.6754,-0.4436,-0.2407,0.2674,0.4534,-0.6097,1.4832,-0.6103,0.9791,-0.0176,0.1134,0.5217,0.9759,-0.6722,0.1948,-0.2637,0.5403,0.8618,-0.0834,0.286,0.432,-0.0572,1.6099,1.222,1.1878,0.8374,-1.2852,1.8012,-0.3524,-0.2137,-1.593,0.076,0.6531,0.256,-0.3427,1.2704,0.285,-0.8312,-0.5535,-0.0328,-0.3256,-0.2366,1.0873,0.0029,0.7576,0.7152,0.6099,0.3594,0,1.7282,-0.6128,0.0694,1.103,1.7637,1.9336,-0.709,-0.0407,-0.3346,0.2362,-0.8269,-0.6959,0.3201,1.2706,-0.161,-0.1366,-1.4626,-0.6662,-0.9737,-1.0013,-1.0514,0.005,0.7013,-0.5651,2.0149,0.5206,0.0602,1.1546,0.4334,0.8515,-0.6101,0.0281
2.8038,2.4051,-1.5516,1.8982,3.1205,-1.9502,-0.3828,-1.1093,1.3816,0.8616,1.4719,-2.0214,-3.5044,1.9089,-1.3724,-0.6522,1.0477,1.6742,0.1786,-1.872,0.7733,-1.6184,-0.3271,0.0097,0.2446,-0.609,2.1841,1.5127,-0.5505,-0.4857,-0.8935,0.7226,-2.9917,0.8125,-0.5875,1.0985,2.2544,3.3092,-0.8252,1.4264,0.7926,-0.1655,2.0632,-2.028,-0.5039,1.6321,-0.048,-0.701,2.378,1.4231,3.448,-0.4692,1.2776,0.7746,0.4572,-1.0747,1.7912,1.4346,-1.2995,0.5209,-0.1863,-0.4159,-1.5508,1.9486,-1.8616,1.3646,2.9549,-2.466,-0.6784,0.6661,0.9633,-0.4849,0.8388,-0.4831,0.4076,-1.1047,0.7576,1.8549,-1.7781,0,-0.3542,-0.902,2.4857,2.4487,1.2336,1.6871,-1.5169,-0.5263,0.9095,0.6322,1.5524,2.0452,-3.1694,0.8316,0.1698,-0.5362,1.1537,0.2971,-2.0951,0.0473,0.4419,0.883,2.0328,-1.4468,-0.3273,-0.6661,0.053,0.6369,-1.285,1.0797,-0.9571
2.0884,-0.4085,-2.2637,0.7509,1.4808,-1.9296,-0.0962,-1.0989,3.2886,-1.0065,0.2824,-0.1079,1.1816,2.8337,0.0866,2.9843,-0.5262,1.1124,-0.3282,-1.9827,0.9689,0.0202,1.8556,-0.3556,0.0418,0.5409,-0.4029,-0.4478,-0.3903,-0.4059,-0.5185,1.5777,-1.0508,-1.9289,0.7665,1.6878,-0.6453,0.5682,-0.0771,-1.0959,-0.5519,-0.0533,-1.0347,0.2336,-1.1608,0.4181,0.353,-0.3146,0.6596,0.193,3.5951,-0.3317,0.6879,0.753,-1.1065,-1.8751,1.2907,1.6839,-1.6456,1.17,-0.603,-0.4727,-1.7948,0.4497,-0.5455,-1.9822,1.4572,-1.667,-0.1561,-2.6445,2.6097,-0.4634,2.2512,-1.0167,0.6267,0.0253,0.5838,-0.0693,0.4375,-0.0107,0,-0.0625,-1.7186,-0.9859,1.3564,0.2031,-1.2977,-1.5181,-1.71,1.0553,0.8312,1.7072,-3.2276,-0.8125,-0.0968,0.3429,-0.5737,0.6756,0.8901,-1.009,0.4979,-0.1101,1.4349,-0.6081,-0.0914,0.2565,0.0219,-0.4494,0.4479,1.0362,-1.2498
0.9292,-0.8986,1.1804,-2.6233,2.1756,0.1101,-0.0731,0.4634,-0.276,-0.4115,-0.2516,-0.1319,-2.9345,-3.4112,-1.093,0.5336,-1.0533,-1.7672,1.1776,-0.084,0.7286,-0.7529,0.4152,0.7728,-1.5264,1.3292,0.5326,-0.1574,1.0808,0.4536,-0.1405,-0.0996,3.0724,0.468,0.9619,-0.9848,0.7828,0.7231,1.2091,0.8947,0.1311,0.4566,-0.803,0.7991,1.6107,0.248,1.3208,0.6537,-0.177,1.5443,-3.6856,1.7075,0.5619,0.1848,-0.3138,0.901,1.7759,-0.5808,0.1364,-1.634,-0.9088,0.4887,0.9935,0.9249,0.7939,-0.2051,1.7873,0.5397,0.99,-1.3089,0.1538,0.2359,0.35,-1.2481,0.5745,-0.2455,0.2208,-0.2707,0.0045,1.0039,-0.3196,0,0.5317,1.1406,-1.5821,-0.5692,-0.4298,0.9329,-0.62,-1.1056,1.7556,4.058,-0.6264,2.3729,-0.4902,-1.2311,-0.4655,0.1482,0.9945,-2.5996,0.7402,2.3288,-0.5319,1.0268,0.8423,-1.1961,0.8498,0.8533,0.4333,-0.8415,1.3126
-1.7169,-1.4044,0.5908,3.6531,-2.7167,0.7771,-0.0936,-1.8322,-1.3241,1.7762,-0.5559,-1.0277,-1.8858,-2.3729,0.4325,0.6593,-0.3787,-1.4224,0.8436,0.1575,1.1191,1.4816,-1.3738,2.1225,-0.6323,-2.1304,-2.0185,0.8378,1.5538,1.7357,-1.1031,-2.3297,0.5444,3.1326,-1.3378,-0.2757,0.7661,1.7337,-0.7567,0.1619,-0.8051,-0.1878,1.3586,0.2077,-1.9544,-2.1029,0.4018,1.2252,-1.5902,-2.1852,-2.4228,0.8564,-3.0346,0.6583,-0.6314,0.5457,-0.5764,-1.9662,1.8392,-0.7807,0.9834,-0.7417,2.2081,1.1054,1.3862,-0.7014,0.1867,0.9889,2.2372,-0.1198,0.1288,1.4179,-1.6946,1.7814,-0.8334,1.7592,0.8172,0.9738,-0.8591,-2.3718,0.9078,-0.5499,0,-2.2176,-1.935,0.2261,3.313,-1.4577,1.4586,-2.1013,-2.6135,0.195,1.4878,-2.024,1.1768,-2.7083,-1.6195,0.947,0.1956,-1.4565,-0.6478,-1.9082,-1.7884,-0.0198,-1.7385,-1.5263,-0.0279,0.3027,-1.4496,-2.0015,-0.5135
-1.1013,0.4438,-0.0022,2.6032,0.6759,-0.1219,-0.7459,-1.3208,-2.7319,0.3995,1.1903,-0.1923,-0.0728,-0.3671,1.5189,0.1159,-0.8183,0.9933,0.9126,-0.8247,-2.48,-0.1026,-3.6969,-2.9708,-0.9724,-1.393,-1.4046,-1.3573,-2.2614,-2.3473,-0.8918,0.9889,-4.224,-0.4131,-0.4029,1.0951,0.5194,0.5326,-2.7006,0.0492,-0.6961,-1.1872,1.8265,-2.7075,-0.8783,0.7174,-0.7203,-0.7635,-0.9037,-1.6644,1.0046,-2.25,-2.999,0.1465,0.7709,1.9183,-0.4808,2.095,-2.2703,0.3279,-0.4622,-0.5394,-0.6852,-0.4859,-3.715,1.9727,0.1358,-1.5002,-1.4608,1.5942,-3.6221,1.0026,-1.8012,-0.7336,-0.8034,-1.8461,-1.3644,0.2453,-1.8561,-2.4953,-0.2768,-1.3613,2.2327,0,3.6033,1.012,1.8946,-2.5412,0.6018,-1.6171,-2.6616,-2.2377,-0.1278,1.3182,-0.4156,-0.6146,0.261,-0.2132,-4.1963,-0.8324,-1.4401,-3.0448,0.7859,-1.2111,-2.4842,0.5459,1.1223,-1.8566,-1.7723,-0.4577,0.5108
0.8378,2.7224,-1.5581,4.8029,-1.9078,-1.1917,-0.6368,0.6049,-2.5583,-0.1094,1.6054,0.0992,1.8716,-0.7887,0.7186,-1.7941,4.6328,0.0358,-1.7331,-0.3697,1.2897,2.0229,0.4804,-0.4116,0.6345,-1.2013,-2.0127,-0.0295,-1.9942,1.4525,1.8564,0.3248,-3.0234,-0.0743,-2.2443,2.1921,1.9906,0.1894,1.0206,4.4436,0.5561,0.2687,2.0746,-0.7495,-0.661,5.4117,-1.4739,-1.3146,-0.7003,-2.0647,0.9127,-1.106,-0.7407,2.2135,-1.0015,0.8656,-0.7141,-2.8689,2.9234,-0.2653,0.003,0.4353,2.9277,0.5832,0.0593,1.1382,-2.1217,1.7301,-1.7394,1.7171,0.4853,-0.0847,-1.0238,-1.0936,0.1163,-0.6336,-0.0978,1.1533,-2.0219,-1.2428,-1.8177,1.6542,2.4204,-2.2154,0,0.7881,1.9596,-0.6749,-1.1644,-1.3027,1.1333,0.5853,2.0328,-0.5881,-0.6272,3.7585,0.0403,-0.414,5.1813,0.5559,-1.5639,-0.3268,1.2391,-0.9574,1.7645,-0.0683,-2.0336,-1.5402,1.0573,1.3608,-1.3426
0.5991,-0.4001,-0.6637,-1.4699,-1.2006,0.25,-1.4217,-0.1544,-0.0626,0.1118,-0.1617,0.2477,0.7752,0.7854,-0.0683,2.2308,1.9114,-2.0011,1.3922,0.1032,1.1607,0.2633,-0.0417,-0.6642,0.2288,0.6565,-0.9717,0.5589,0.242,0.6408,0.6447,0.4024,1.655,-0.2618,-0.3368,1.0431,0.7462,2.5778,0.9226,0.722,-1.7122,0.7376,-0.1773,0.1321,0.2865,0.1013,-0.4969,0.511,0.1928,-0.7926,0.1868,0.2973,1.4793,3.9991,0.0228,0.8783,0.8909,-0.688,1.3549,-0.9373,-0.6585,-0.3808,1.2933,-0.3858,-0.9033,0.3948,1.412,-0.2458,0.7441,-0.2524,-1.345,-0.3098,2.0138,-0.0257,-0.0874,0.545,-0.2933,-0.7657,0.8115,-1.7017,-0.7873,0.5466,0.0088,-0.6679,-0.7049,0,-0.4358,0.7844,0.6304,-0.0625,0.3833,2.3768,-0.1377,-1.09,1.0366,2.0852,0.2167,0.8254,0.2938,0.087,0.4705,0.8271,1.2184,1.3928,1.0311,0.9952,0.5672,1.4042,1.0503,1.1948,-0.6552
1.6334,-0.0575,-1.6824,4.0302,-0.7646,-0.6732,0.4603,-1.3546,0.4746,-2.2824,0.0951,-0.9423,-0.7123,-2.1546,0.6923,0.561,1.3376,1.5074,-2.915,-1.4865,0.4609,1.6049,1.438,1.4198,0.0054,1.6223,0.739,1.8303,-0.46,-0.1121,-2.0082,0.6922,-0.6404,-0.359,-0.8946,2.593,0.0823,2.4543,-0.7665,-0.6764,-0.5213,0.529,0.5133,0.6589,-0.6152,-0.2727,0.5355,0.713,0.2002,0.1664,-0.47,1.213,1.7244,-0.2035,-0.9433,-1.0876,-1.4241,-2.8629,0.0304,2.0442,1.4183,-0.7196,1.1362,2.0669,1.2312,-0.4301,-1.1047,-0.5082,-0.3526,-2.0734,1.8618,1.1302,0.2702,1.6057,-0.3764,-1.2634,-0.4963,0.6991,0.295,2.0092,1.1375,0.4628,-3.1458,-2.0264,-1.7787,0.4207,0,0.5926,0.2408,1.606,-0.0422,2.1635,-1.9134,-2.1555,1.5932,1.5606,1.1544,0.0349,0.8796,-0.5825,0.475,-0.8019,0.9086,1.653,-1.2372,0.3257,-0.0495,-0.0078,0.3897,0.1356,-1.4649
-0.4553,0.6223,0.92,-1.647,0.9712,0.907,-0.3977,1.8393,-2.3701,-0.1382,-0.6375,-0.9559,0.411,-3.3272,-1.8148,-4.7876,-2.6936,-0.0743,1.2447,0.8404,-1.8006,-1.9372,-0.7755,-0.4826,-0.3107,0.1078,1.2837,-1.6223,-0.7392,-0.8684,-0.4891,1.0758,0.8336,-0.3235,-0.2029,-0.4511,2.4159,-1.6998,0.3812,-0.2785,0.3025,-0.0906,0.2719,-1.6261,0.8277,-0.5571,0.7045,0.5607,-1.7141,-0.5786,-3.6262,-1.6961,2.441,-7.2151,1.4448,1.1998,-2.0811,1.0099,0.1234,-1.0974,-0.8216,0.2856,0.6244,-0.5726,-0.042,1.0025,-3.0823,2.1989,-0.557,0.7713,0.4505,-0.2471,1.5455,-0.2712,0.879,0.4689,-0.6982,-0.3213,0.1576,0.4932,0.4769,-1.2796,1.6832,2.6178,0.8114,-0.9864,-0.9838,0,0.1101,1.0279,-1.3862,-1.146,1.9454,2.6818,-0.0666,-0.6602,1.5879,-0.8416,-0.4006,-0.0446,-0.1705,1.2584,1.0045,-1.0973,-1.2608,0.9391,2.2987,1.1038,0.3462,1.0844,0.1808
-0.0872,-1.6251,0.4636,0.3051,2.3554,-1.7967,4.1167,1.2994,9.1712,-2.5087,-1.5872,3.0567,-0.0245,4.2297,1.0283,0.4504,4.9712,2.2683,-0.8895,-0.8481,-0.3892,1.3456,3.4784,0.5244,0.8233,1.703,0.6131,1.9061,-1.6076,-1.2648,-0.7357,2.1811,0.8498,-0.2928,2.1054,0.4448,-0.4617,1.3387,0.3481,-2.2725,1.5622,-1.6754,-1.0927,4.0615,0.0342,-0.46,0.0172,1.095,7.7704,-0.5588,3.9683,-0.398,1.2845,-1.526,-1.087,0.0223,4.6122,5.7866,-1.7297,0.9744,-1.6971,-0.5084,-3.0773,3.4989,-1.363,-3.3817,0.4253,-1.0416,0.0563,-2.6672,0.6062,0.5397,1.1142,-4.0245,-0.6356,-1.2278,2.5099,-1.4812,-0.4765,-1.2132,1.6871,0.1556,-2.4151,-2.1317,0.6137,-1.2712,-0.5138,-1.5551,0,2.0011,2.7059,-2.1041,-1.7884,-1.4418,-0.0947,0.5115,-0.4389,-0.1205,-1.688,-1.9372,1.6172,-0.4568,0.7271,3.2631,-1.0172,-2.6966,0.1031,1.466,1.0227,1.2413,-2.1034
-0.2312,0.9585,-1.7194,-2.2882,1.0537,-0.0518,0.9122,3.609,1.5725,-0.5893,0.7893,0.3049,1.0126,1.3057,-1.4742,3.0956,1.2757,-0.2647,-1.3784,0.5891,4.9191,0.2781,1.5696,0.002,1.3119,3.0417,-0.4564,-2.0195,-0.8061,-1.829,1.1973,1.7901,0.3058,0.5952,2.6208,0.4055,-2.5062,-1.9027,2.1765,-2.4591,-1.621,-0.5401,-2.0641,1.0623,0.4446,-3.6368,-0.5974,-1.078,2.4608,-0.7637,0.3654,-1.2903,0.7596,0.1488,-2.2026,-1.2686,3.6113,-0.5043,-2.4016,0.2371,-1.9889,-0.4375,-2.4153,-1.3074,-1.4843,-2.1164,4.0914,1.2097,-1.6488,-2.3233,-0.4716,-1.4877,0.6505,-1.0736,-2.3549,0.8228,0.5527,-1.9058,0.6736,-0.9161,-1.0531,0.5617,0.3952,-0.2741,0.8494,-0.5771,-1.805,-2.2257,-2.0264,0,2.1165,-1.1552,-1.2451,-1.9909,-0.9042,-0.5874,1.3191,-0.2023,0.2121,-1.2396,-0.4648,3.3663,1.8012,-0.7703,0.774,0.4055,1.3617,0.6185,0.088,-1.2047,-2.2853
-1.5421,-1.0594,-2.1443,-2.0553,-0.8222,2.1786,-3.2327,0.047,-1.0919,0.5178,-0.5669,1.4647,0.4363,0.6981,0.8235,1.4679,-4.5706,-0.1104,-2.3111,0.4928,0.7379,-1.2862,-1.3797,-0.7511,-0.6394,0.458,0.7209,-0.8381,1.6587,2.3464,1.7856,0.0782,0.6012,-0.3673,2.0292,0.9894,0.7442,-5.2785,2.2207,-1.3855,0.3452,0.7473,1.1256,1.6261,1.1522,-2.2916,2.0676,-0.2644,-0.57,-0.6429,-1.5304,-0.2906,0.6328,-2.6728,-0.3593,-0.243,-0.2019,-0.7544,-0.0499,0.8622,-0.0213,-0.117,-1.8513,-2.7476,0.6881,-0.7659,2.8881,-0.8864,0.3408,-1.4517,-1.2075,1.6805,-0.8324,-0.7548,-1.7096,3.6086,-0.8951,0.0037,0.5173,-1.7267,-0.777,-1.817,1.6614,1.4243,-1.4359,-0.688,0.0302,0.2875,-2.6634,-1.9679,0,-2.1464,3.7957,1.9146,0.5208,-1.8034,0.9806,-0.2643,-1.0552,-0.4009,-1.8681,-1.5326,-1.503,-6.6405,-0.1334,0.8755,0.8729,-0.3744,-0.0882,-2.5275,2.2755
2.2149,3.0561,1.09,0.9827,1.1799,-0.8569,3.1661,-0.5323,1.5202,0.6366,-0.0125,1.4119,0.58,4.3115,-1.0651,-1.9273,8.7348,3.9112,1.3023,-2.3036,1.7817,1.1196,7.1184,0.1754,1.6002,-1.0734,1.9454,2.24,-1.0985,0.8547,1.1459,0.5132,0.5936,-1.072,0.1589,1.7257,0.2421,5.2884,-0.1816,0.5142,1.6127,1.052,-1.205,4.4217,1.4075,-1.74,-0.5916,-1.1698,7.2443,1.6188,3.8384,-1.9147,-0.5549,3.931,-1.5825,0.9274,0.225,6.7723,0.4654,-0.2755,-1.4245,-2.5,-0.2545,2.8048,1.1118,-2.8536,-0.9378,0.4157,0.8648,-1.3826,3.2111,0.636,3.0699,-2.4677,-0.2325,-1.3395,-0.5494,1.4361,-0.3604,-2.1265,-1.7516,-3.8768,-0.3871,1.4884,-0.7833,-2.3935,-1.9183,0.3736,2.0775,1.1468,2.18,0,1.0523,1.4196,-0.3316,-0.8618,-0.036,1.92,2.5558,0.801,-0.262,1.5003,-0.0753,7.8404,-0.4916,-0.5688,-1.1208,0.4258,-0.5456,-2.4095,-1.0554
-1.1811,-1.012,1.4323,0.159,1.1039,-4.3265,2.572,2.5308,-2.842,1.4319,1.7847,-2.97,-1.2869,-2.1197,-1.7541,-3.605,1.9069,2.0745,-0.8336,-0.1684,-2.21,-0.2381,3.319,-0.0649,1.2243,-1.6632,1.2278,0.6923,-1.1445,-2.1034,1.5075,1.3827,-0.1015,1.1402,0.6771,1.133,0.1153,1.901,-0.9622,1.7427,2.5602,-0.4321,-0.6648,0.8578,-0.5242,1.9983,1.6994,0.3146,-2.6066,1.067,-2.2518,-0.6961,0.2109,-5.3071,-0.561,-1.1574,-3.3319,-1.0838,1.5449,0.836,2.316,0.9242,-2.0132,-0.1019,3.6155,-3.5167,-4.9151,0.8088,0.7989,-0.2759,3.5322,1.6478,-0.1171,-2.5214,0.0995,-2.0048,-1.9239,0.7383,-1.124,3.4942,3.2922,0.6378,-1.6381,-0.3215,-1.8812,0.0885,1.8914,-2.2529,1.6559,1.0341,-4.1369,-1.0516,0,1.1557,-0.1945,-1.8161,-1.4795,-0.2751,-1.6212,1.4446,0.0123,-0.5948,-0.2607,0.9086,-0.6696,1.0229,-0.5105,-4.2256,0.083,-0.9266,1.7614
-0.8643,1.7327,-0.8331,2.3765,2.6713,-1.7583,0.8833,1.6786,0.9581,-1.399,-0.0116,0.4119,0.4504,0.3693,1.1081,0.5726,0.0895,0.7361,1.5806,-0.9904,-0.9837,-2.0447,-0.2047,-1.8552,1.2226,0.0881,-2.7614,0.3379,-1.5966,-1.2256,1.0534,0.3659,-1.086,-0.8243,-0.8893,0.5771,0.9101,0.6206,-1.4305,0.984,-0.3153,-0.6231,0.0852,1.2578,-1.1616,2.9834,0.8775,-0.3273,-1.387,-2.503,0.5547,-0.9886,1.3278,0.5435,-1.253,-1.2062,1.0578,-0.3922,-1.1215,1.5076,2.4465,-0.9339,-2.3598,-0.1963,-3.0426,-3.3404,0.9223,-1.0508,1.282,0.1368,1.4531,0.7554,-0.6305,-1.3804,-0.2989,-0.7503,-0.7468,-1.8038,0.4389,-0.654,0.7916,-2.3692,1.1197,-1.8519,0.8551,0.9769,2.0876,-3.0523,1.3924,1.946,-1.944,-1.3528,-1.1573,0,0.3685,0.4309,-1.0784,1.1838,-0.5753,-0.5591,-2.1742,-1.76,0.9339,1.6799,-0.9395,0.9656,-1.0564,-1.4654,-0.4331,0.5724,0.941
-0.5421,-0.093,-0.1152,-1.6308,-1.1331,-1.5619,-0.2908,-0.13,-0.6579,-1.6585,-0.9764,1.4253,1.7637,-0.71,-0.0018,-0.5549,-0.8157,-0.5335,0.5915,-0.3997,0.051,0.0259,0.0609,0.3659,-0.2525,1.0867,-1.0386,-0.2777,-0.5698,-0.5183,-0.4422,1.0452,-0.6089,-1.375,-0.0208,0.1877,-0.6775,0.6524,1.2889,-0.583,0.4675,-0.3796,-1.5634,0.7951,0.3893,2.1871,-0.5228,-0.0891,-0.599,-0.82,-0.3364,-0.026,0.9091,-1.4891,-1.3381,-1.1463,-1.8653,-0.6707,0.9394,-0.8303,-1.3718,0.5831,-0.3445,0.0884,0.015,-3.288,-2.0628,0.8688,-0.9719,-2.8678,-0.3925,0.0274,0.1642,-2.1054,0.0097,-0.3663,-0.6522,0.1878,0.1917,-0.2899,0.1519,0.1208,-2.2319,-1.2616,0.4393,-1.4746,-1.7554,-1.191,0.133,0.9316,-0.3226,0.4523,-0.0255,-0.477,0,0.8703,-2.0017,-0.7194,1.3933,-1.834,0.3611,0.25,1.8532,0.0693,0.9725,-0.2043,0.0538,0.6284,0.9716,0.4953,-0.1054
-0.3902,1.215,1.0422,0.9468,-0.4806,-0.206,0.0038,0.6161,1.4958,1.0891,0.6612,-0.8785,0.5365,2.2276,-1.325,1.4504,1.5688,0.503,-1.7773,0.1896,2.3997,1.0757,2.7256,1.1005,1.0502,-0.6798,1.505,0.1063,0.3676,-0.85,0.6426,-0.0255,1.216,0.9296,0.5137,2.091,1.5328,-1.647,1.2134,1.2012,-0.276,0.3588,0.5197,-1.1044,1.4256,-0.4093,1.152,0.4384,1.072,0.746,0.2071,0.2357,0.2378,1.7782,-0.5987,-0.3522,-0.4996,1.3299,0.1929,-2.0559,-0.9405,-1.1754,-0.2449,1.0455,1.1109,0.591,2.9716,0.8119,-0.6263,0.6567,0.0157,0.0427,0.9951,0.0616,2.0108,0.3747,-1.0261,0.9799,1.4299,0.5002,-0.2083,1.3156,2.7387,0.9092,-3.6041,-1.7232,-0.9683,0.429,-0.4363,0.7807,1.8091,0.9331,2.1,0.1287,-0.4065,0,0.1561,0.0487,1.2064,0.9335,-0.619,0.4776,0.2164,2.1328,0.783,-0.3967,0.0826,-0.9799,1.5174,-1.2695,-0.6272
-0.3569,-1.7186,-0.82,-2.4838,-3.2783,3.4392,0.8792,1.4947,-1.5511,-0.526,0.139,2.3521,1.4027,-0.1347,1.8895,0.2338,-3.2404,-0.9908,0.3583,2.2203,-0.1691,0.1933,0.473,-0.4854,-0.4346,0.1753,-0.0243,-1.9618,0.7182,-0.2561,-1.2828,0.6319,1.2021,-1.1104,1.1073,-2.6719,0.9829,-2.2509,0.9336,-1.3491,0.4645,0.1495,-1.3063,0.6141,1.7177,-2.7651,1.5322,1.6806,-1.816,-0.0846,-2.2663,-0.0054,-1.7388,-1.5431,1.3986,0.1723,-0.0434,0.6522,0.2943,0.085,-0.4048,2.0863,-0.0506,-0.2338,0.5245,-1.7661,1.2668,-3.4743,-0.1698,-0.5084,-0.2439,0.2239,0.9767,-1.7471,0.3814,2.5614,0.5125,0.5306,0.6962,-1.19,0.4973,0.3725,1.0413,-0.7704,-0.1189,-0.4116,-1.0861,-2.1013,0.2751,-1.4684,-1.0593,0.0437,1.4442,1.1168,2.0018,0.0307,0,-0.2027,-0.7349,-1.7271,0.4018,0.4635,0.8314,-3.2809,-0.4572,-0.2984,2.2314,2.3036,0.8033,-0.6675,-0.4001
-0.5244,-1.5711,-0.5692,-0.3143,-3.109,-1.1781,-0.4829,1.1826,0.8079,-1.3796,-1.6955,0.4373,0.0596,-0.3212,-0.0935,1.4186,-1.7839,-0.8892,-0.5793,-1.8208,0.521,-0.8872,0.309,0.3544,0.0653,1.2713,-2.4322,-1.689,-1.0971,1.2165,-0.3671,-0.5591,-0.8209,-0.0289,2.0456,-0.0463,-1.9559,-1.3888,0.1512,-1.5422,-0.6768,-0.6463,-1.1718,0.6278,-0.4747,0.2498,-1.1133,-0.8183,0.5503,-1.1441,-0.3121,-0.2261,0.0842,-0.2539,-1.6779,-0.6491,0.4121,-0.2492,-1.1178,-0.331,-2.014,-1.0594,-1.5606,-1.7049,-1.0472,-3.8898,1.225,0.4,-0.8334,-3.8051,-0.7158,-0.2553,-0.4964,-1.4624,0.3725,0.2155,-1.7413,-1.192,0.527,-0.8943,-0.7214,-0.9331,-2.8029,-2.4172,-0.3734,-1.9008,-0.6852,-1.2541,0.109,0.1366,0.2987,-2.0489,-0.3621,-1.5523,0.5418,0.029,-0.1747,0,-0.2505,-1.0705,0.0598,-0.9536,0.1332,-0.2682,-0.9506,0.14,-0.72,2.9418,0.1282,-0.9245,-1.4276
-0.8552,2.5442,0.8817,2.4388,1.0695,-0.8566,-0.2413,0.7561,-0.5425,1.0868,1.2098,-2.0263,0.5551,0.7908,-2.3396,-1.9898,-0.8226,1.4128,0.2821,0.5105,0.4673,0.1561,1.2427,0.1509,1.3539,-1.3787,1.9354,0.7096,0.3879,0.1652,2.343,2.5957,0.3348,1.1783,-0.3301,2.7813,2.0006,1.9305,0.0272,1.9101,0.5046,1.6045,0.7789,1.8653,1.3418,0.5335,1.3404,-0.2725,0.1081,-1.1529,0.4686,1.2698,-0.5043,1.1441,-0.1737,0.2225,-1.0305,1.3841,0.8748,-1.9348,-0.3585,-0.9243,-1.755,0.9346,0.6985,0.4829,-0.9788,1.5882,-0.2992,2.5129,1.8828,0.155,-0.7125,-1.866,2.5469,-1.6771,-1.7423,1.2324,-0.7156,-0.9788,0.7925,-1.1088,0.5343,4.2917,-2.152,-1.6632,0.1711,0.0766,2.1691,-1.7931,-0.3509,-0.9513,3.2954,2.2394,-0.4141,-0.5334,-0.0496,1.0374,0.7667,1.0945,0.1965,0.7676,2.4339,-0.3222,-0.3319,-1.5433,0.1626,-0.213,2.5572,-2.1676,1.4436
-1.9369,0.7766,1.0414,3.0473,-0.1814,-0.9004,0.3238,0.3095,-1.6693,1.546,1.7098,0.8153,-0.801,0.4938,-3.3526,-0.9945,-3.0688,2.7287,-3.2188,-1.4423,0.4312,-0.6701,-0.7231,-0.5266,-0.5425,-1.4614,2.0368,0.0441,-0.2229,-0.0623,3.2922,-0.3143,1.6559,2.037,2.4634,0.3808,0.5041,0.1024,-0.6363,0.4206,0.459,0.1338,0.4693,-0.0685,0.6001,-0.2576,1.5219,-1.462,0.6188,1.8357,2.9955,-0.1728,3.9359,0.5318,0.5332,0.0351,0.3186,1.7044,-0.9222,-0.1458,-0.1868,-2.0626,-2.9923,-1.1813,-0.3081,-0.0355,1.7714,0.2443,-0.2901,-2.2577,2.1978,0.8778,-0.7864,1.1725,0.3622,-0.9166,-0.8361,0.7248,0.8924,1.7918,-0.8216,-0.9872,-0.2132,3.1403,-5.1159,-0.4359,-0.6343,-0.2182,1.701,-0.0925,1.0601,-2.4669,1.6507,0.776,-1.06,-1.2002,0.7554,0.2751,0,-0.6296,-0.9254,-0.0564,-0.0945,-2.8278,0.6013,1.5451,0.7123,-2.5312,0.7874,-3.1709,-0.1963
-0.6352,-0.7237,-0.6623,0.056,-0.9653,0.5472,-0.586,1.5855,0.8258,0.3049,0.1302,0.584,2.2091,1.576,0.591,2.7526,-2.4116,-0.7,-1.0411,0.9019,0.8003,0.2814,0.1834,0.0568,0.0979,0.7554,1.2882,-0.7225,0.6467,-0.4059,-0.6513,-0.7438,1.0262,0.9147,0.501,-0.9844,2.0709,-0.8618,0.8159,-0.7236,-0.4913,-0.0034,-0.1039,0.0705,0.8627,-1.713,1.3469,2.1762,0.4789,-0.3643,-0.4051,0.5724,-1.8389,-0.4909,1.2872,-1.0096,1.005,0.4764,-0.6873,0.075,-0.3592,1.3588,-0.5943,0.1311,2.2078,1.2658,3.2526,-1.2366,-0.5957,-0.6356,-0.8474,0.3882,0.7004,0.9157,-0.0123,1.6475,1.7179,-0.5884,1.0219,-0.071,0.417,2.6025,1.7948,1.2099,-0.5544,-0.0613,0.6125,0.0368,1.1487,0.5696,-0.1553,-1.1833,-1.4617,0.5167,1.39,-1.1099,1.465,-0.151,0.3263,0,0.0626,2.3098,0.7514,-0.6418,-0.9636,1.6415,2.6316,0.104,0.2153,0.6425,-1.5345
0.2408,-0.4026,-1.1341,-0.4106,-1.0026,0.5058,-0.3098,-0.0875,1.4221,0.0564,0.3356,0.1319,0.1796,1.2438,0.1198,2.0248,-1.2417,-1.0812,1.318,-0.4202,0.0492,-0.3601,-1.4851,-0.0893,-0.2706,-0.207,0.7595,-0.4652,0.8902,0.979,0.017,0.2364,-0.0755,1.0893,0.6175,-0.1953,1.2242,-1.6599,0.9331,0.3218,0.3939,0.9198,-0.4337,-0.4215,0.9106,-0.3145,0.6762,0.2501,-1.1632,0.707,-0.7145,1.3205,0.38,1.3087,0.731,0.54,1.5756,0.0383,-0.2382,-0.185,-0.432,0.1584,-0.9089,-1.2561,0.3883,0.3779,3.4722,-0.3492,-0.3759,-0.0843,-1.2156,0.7837,0.38,-0.3594,0.7481,1.6522,0.9356,0.4761,-0.0085,-0.4695,-0.6428,-0.66,0.786,1.2815,1.4565,-0.447,-0.246,-0.1223,-1.8702,0.3517,1.818,0.2312,0.1775,2.3188,-0.291,0.702,-0.3746,-0.4673,0.9028,-0.1835,0,0.2755,0.1661,-1.4349,0.4756,0.359,0.333,1.8919,0.042,-0.3115,0.7984
0.5698,1.1097,0.5869,2.7644,1.5045,-3.2763,-0.1887,-0.6229,-0.7362,0.029,-0.0044,2.8584,-0.5829,0.5807,-0.6987,0.7263,-2.2734,0.9055,-0.0735,-0.2891,0.5557,-1.0503,0.4647,-0.1452,-0.1037,-0.7816,1.2469,-0.9988,-0.3999,-0.1796,0.2336,-0.1279,0.097,0.0005,0.181,4.2922,0.9887,-1.3706,-0.6557,1.1881,-0.4211,-0.2673,1.4525,-0.3136,-0.7117,0.1518,0.6174,-0.792,-0.0307,-0.326,1.7381,-0.3025,0.8846,0.8222,-1.1295,0.6481,-0.6647,1.8394,0.0283,-0.3665,-1.4155,-0.1875,-1.1835,0.7468,-0.398,0.2867,1.3196,0.9916,-1.2786,0.8066,1.2316,0.1289,-1.9054,-0.8038,0.7483,-1.2854,1.1117,0.7074,-0.706,-0.9194,0.0506,-2.1584,1.6809,2.4189,0.186,-0.8305,0.9451,-1.4695,0.3474,-3.4133,1.5019,-1.5073,0.7431,1.9061,-0.1084,-0.4329,-0.4149,0.7296,0.0324,-2.3467,-0.2797,0,1.6824,-1.2387,1.2451,-0.1868,1.1586,-0.865,0.5745,0.6293,0.8783
-0.5358,-2.4611,-0.2616,0.2974,0.0206,-0.385,-0.484,-2.4851,-0.5889,-0.2785,-0.2484,0.5413,0.4191,0.2443,-0.8158,3.3798,1.4705,-1.3932,-1.6805,0.9208,0.3424,1.5309,-1.1821,-1.1963,-0.9253,-1.645,0.1338,-3.3566,-0.71,-0.2757,-1.3348,1.101,1.2486,-0.9542,-0.1221,0.1004,0.462,0.1848,-0.6929,0.4802,-0.8235,0.7356,0.9074,-2.5026,0.3453,1.161,0.2612,-0.4354,-1.1559,-1.3468,-0.0344,-0.7128,0.1539,1.5326,0.0279,0.0693,0.6938,1.6456,-0.1253,-0.7332,-2.3245,-0.0119,0.8108,-0.3634,0.0146,-0.3622,3.03,-1.7053,-0.0457,-0.3417,-1.35,-0.6805,-1.1124,-0.2932,-0.9358,-0.8618,0.2819,0.7188,0.5777,-2.0748,-1.5422,0.3894,1.0467,-1.398,-1.3348,-1.4072,-0.8849,-1.6533,-0.8698,-1.938,1.5867,0.0974,0.2396,-0.8496,-1.8232,-0.0061,-0.8311,-0.457,0.1842,-1.1127,-0.1498,-1.6606,0,-1.6227,0.4692,0.3332,1.7055,0.0289,0.8145,-0.0065,-1.367
0.7717,-1.0212,-3.8434,0.2282,1.0113,1.2798,1.1684,-0.7218,8.1314,-1.074,-0.1229,-1.4563,-0.3271,9.1496,-1.8281,3.4149,2.8283,3.5242,-2.1056,-2.777,-0.1934,-0.1535,4.3467,-2.6088,3.0137,0.4641,1.2262,-0.1133,-2.11,0.8186,1.7468,1.3986,0.9307,-0.2429,4.3903,2.079,-2.4626,-4.8912,1.2269,-2.8266,-1.6176,-1.8402,-1.5334,4.7127,0.2978,-1.1764,3.062,-3.7513,7.5983,0.3481,6.7331,-3.6489,1.4703,-0.1036,-2.7565,-1.4544,4.8481,6.3307,-0.8482,0.1957,-2.8667,-1.9619,-2.6214,-0.5007,-1.6703,-2.6144,4.2843,-0.7297,-0.6777,-5.8029,1.0919,-0.64,1.8723,-3.0183,-3.1875,-2.1443,-0.2984,0.6951,-2.5763,0.5078,0.4238,-1.8516,-1.84,-1.1897,-0.1225,-2.3811,-2.19,-0.9238,-3.2358,0.6235,6.2175,-7.7777,-1.4191,-1.95,-0.1846,-2.3671,2.5623,0.3117,2.4784,-0.7864,0.6966,0.6684,1.1027,0,-0.584,0.6734,1.8562,-1.325,-2.6841,-0.8143,-2.6633
0.6305,1.3551,1.3098,1.5208,1.4829,-1.0775,-1.4986,0.8791,-1.1995,0.7235,1.9825,-0.3025,0.8613,3.8947,-2.0225,-2.2458,1.2004,2.0775,-1.4447,-0.7086,0.6669,-0.5715,0.2219,0.0313,0.125,0.0662,2.5535,1.773,0.3036,-0.3556,2.3843,2.1065,-2.6736,1.6125,-0.3868,1.2586,2.5256,-0.2955,0.1973,1.7788,0.2556,1.5589,2.1531,-0.7686,0.9613,0.7571,0.6821,0.3047,-1.1694,-0.6814,1.0322,1.6415,1.5049,-0.1362,0.7688,1.0365,-0.6585,2.7671,-1.4898,-0.3779,-0.0245,-0.9707,-1.1096,0.6442,0.1388,1.4581,-0.4744,0.7451,-0.231,0.9699,0.3352,0.1758,0.8411,0.6052,1.8798,0.3679,-0.4634,1.2252,-0.4215,0.4236,0.1178,-0.4228,2.4585,2.8942,-1.6301,-0.6333,1.7349,1.2897,0.9613,-0.6753,0.0448,0.5666,1.1636,1.4827,-0.5817,-0.8348,0.6253,0.8262,-0.6765,1.005,-0.375,-1.1721,-0.2569,0.0605,0,1.758,0.3185,-0.6828,-0.4685,-0.3781,-0.7218
-0.5377,0.6891,-1.0671,0.7075,-0.279,1.5761,0.2111,-2.6674,-0.2582,1.8449,1.095,-0.9324,1.4467,1.8417,0.477,-0.5719,0.4003,1.0448,0.0151,0.1492,-0.3878,-0.3205,-1.2102,0.1178,-0.5673,1.1917,2.0362,-0.7105,0.4174,-0.3728,-0.252,-0.5557,-0.9874,3.7874,0.3267,-0.6454,-0.7862,-0.2426,-1.2483,-1.554,0.3388,-0.5944,0.9327,-0.4127,-1.7298,-2.4862,-0.0626,0.4784,-0.1801,0.3316,-1.2194,0.6567,-0.7222,-0.6255,1.1805,0.5142,1.9674,1.2719,-0.4024,0.9095,0.6439,-0.4543,-2.2745,-1.1204,-0.918,-1.1692,0.83,-1.4644,0.7431,-3.0973,-1.8028,-0.1149,-0.6379,0.9384,0.0884,0.3109,-1.3088,1.1084,0.0061,0.6525,-0.3926,1.0398,0.9284,-0.9727,0.0274,-1.1148,-0.3018,-1.4268,2.6471,-0.5812,-0.9459,0.6043,-0.9703,-0.8839,0.1483,0.6916,0.3047,-0.6126,-1.5475,-1.804,-0.3058,0.2732,-0.3494,-1.2893,-1.5484,0,-0.7539,-1.2759,-1.0945,-1.0525,1.4174
-0.9085,0.3061,-0.7111,-1.1586,0.5307,0.7626,0.5797,-0.3045,-0.6165,-1.1945,-0.1595,-0.0872,0.7451,-0.8314,2.3873,0.6497,-1.2849,-0.5701,2.8084,-0.7325,-0.3099,0.499,-1.2464,0.8029,0.1292,-0.1518,-1.2028,-0.7116,-0.3891,-0.3399,-0.7669,-1.3323,-0.3652,0.3406,0.0414,-3.0016,-0.8033,-1.2383,0.0332,-1.6119,1.0469,-0.3044,-1.1412,-1.3014,-0.317,-2.561,-0.5344,0.3896,-1.6929,-0.373,-1.7944,0.0247,0.5399,-1.7525,0.5589,1.1632,0.5769,0.2179,-0.8295,-0.356,0.581,0.8476,-1.7633,0.1544,-1.1719,-2.4624,0.3039,-0.5274,0.0384,-2.7477,-0.1292,0.456,-0.2721,-1.8119,-0.2255,0.1754,1.2224,-0.3628,-0.8044,0.1713,0.0868,-0.906,-0.9884,-2.2982,2.3069,-0.7401,-0.03,-2.9592,-0.0685,-1.4528,-0.6064,1.4861,0.469,1.0392,-0.0681,0.7175,-2.124,0.4727,-0.2805,-2.7236,0.024,-0.8215,-1.6057,-2.2997,0.4497,0.9168,0,-0.1878,-0.4748,-0.2727,-0.2049
-1.2237,0.9947,0.7319,1.7909,0.5364,-0.1948,1.3763,0.2129,-1.3287,-0.3963,1.4072,1.2031,-0.4727,2.6557,-0.557,-1.7282,2.706,0.1683,1.2244,-1.1231,0.9805,-0.9089,1.438,-0.8106,1.1742,0.4838,-1.8408,-0.5367,-1.6916,0.1998,1.4572,1.7762,-0.1667,-0.3154,-0.0551,1.5529,-1.2507,-1.0077,0.2088,-1.4269,0.3539,-0.8899,-3.179,2.467,0.2901,-1.5837,-0.0671,-1.0476,3.6345,0.5449,1.1923,-1.8748,0.1921,-7.3822,-1.0685,-0.0172,0.792,1.9358,0.1437,0.2351,0.3551,-1.3633,-1.2134,1.0756,1.2773,-1.8507,1.8172,0.0444,1.503,-2.124,2.2577,1.509,0.435,-2.7471,0.1694,0.631,0.2871,-0.9412,-0.7425,-1.151,0.4169,-1.3627,-1.4306,0.1488,0.84,-1.9421,-0.3164,-2.6608,-1.4491,-0.5829,0.3524,-0.5491,3.5467,1.1793,-0.5501,0.9217,-2.3785,-2.8662,2.4701,-1.0408,-2.1193,0.6374,-0.1566,1.2955,0.4426,0.988,0.2317,0,-0.7149,-2.3123,0.9675
-0.4943,0.267,0.8258,-0.1253,0.6366,-2.4061,0.6505,-0.1524,-1.3372,-0.4598,0.5915,0.7515,-0.6067,2.2933,-2.2057,-1.064,1.1982,1.7383,-0.9741,-1.8348,-1.6602,-0.2575,-0.063,0.1118,-1.0585,-1.1206,1.3049,-0.8134,-0.5272,-0.89,0.9872,-0.696,-1.0519,1.1612,0.669,-0.5982,0.5485,-0.3644,-0.2384,0.0625,-0.4982,0.3915,-0.2689,-0.9189,-0.1157,-0.1862,-0.3125,-0.2912,0.5193,-0.5464,-0.8421,0.0609,0.7713,0.4326,0.7537,1.1782,-0.3183,1.9027,-1.6623,-0.6019,-0.0364,-0.8061,-0.5969,-0.5358,-0.4547,0.5536,1.4474,0.383,1.273,-1.0319,0.2685,-0.7625,-1.0859,1.338,0.198,-0.5242,0.1239,-0.0896,-0.8492,1.1668,-0.5476,-0.4621,0.9463,1.0534,-1.1574,-1.1594,-0.3273,-0.8869,-1.186,-0.1751,0.061,0.5537,-0.0334,0.5246,-0.9427,-1.4061,-0.7952,-0.4458,-0.7767,-0.4565,-0.0369,-0.5549,-0.8095,2.3903,0.683,1.0852,0.6752,0.5429,0,-1.1435,-0.3057
0.9132,1.0708,0.0106,5.9452,-0.7404,-0.7387,-0.0868,-0.0683,1.3273,-1.7032,0.4935,-0.2581,0.1305,1.012,-1.4681,1.5983,-0.6232,-1.8406,-0.6317,0.6736,1.0487,1.7819,0.1649,-0.5675,-1.7412,-0.0741,-0.4429,-0.2908,-0.6025,-0.8751,-0.851,-1.3808,-1.0304,1.0273,-1.5003,-1.7576,4.947,-0.1808,1.6543,1.8219,4.6341,-0.2658,-0.3804,-1.0227,0.3155,0.4615,-0.4701,2.39,-0.1126,-0.9523,-0.782,-0.4746,0.9802,2.1206,0.7877,1.3654,1.0477,0.3524,-0.7319,-1.0964,2.3145,1.3256,2.4454,0.6542,3.2254,0.9923,6.8868,1.31,-2.626,0.0582,-0.1691,-1.4666,0.4305,1.1343,2.3702,0.3693,0.9883,-0.8759,0.4008,-1.28,-2.1666,0.7338,2.4245,1.0438,-1.5074,-1.2595,-0.2511,-0.9497,-2.7668,0.1921,1.9688,2.0448,0.7652,-0.8445,-1.463,1.1388,0.1689,-0.7473,2.9104,-0.6956,0.0269,-1.0968,-0.6184,-1.0521,0.4193,0.6653,-0.1495,1.2994,0.7131,0,-2.8999
0.957,1.5786,-0.7061,5.5271,0.1261,-1.49,0.1289,0.0128,-0.9346,-0.0166,-0.0106,0.6478,-0.0822,0.2346,-0.3932,0.5315,1.4542,0.3685,-0.0894,-1.3656,-0.8389,0.3332,0.5268,-0.3549,0.676,-0.6823,-0.4244,-0.0501,-0.6445,-1.1629,0.461,0.274,-0.8436,0.5878,-0.5989,4.9083,1.6868,-0.0354,-0.2419,3.2169,-0.0249,0.3179,2.1278,-0.7931,-0.7885,4.5502,-0.097,0.5041,-0.1865,-1.8973,1.1246,-0.6047,1.1295,2.9399,-1.0415,-1.6231,-2.4898,-0.243,-0.2729,-0.0242,-0.3072,-0.1412,-0.5756,0.0399,-1.7653,0.9526,-0.9887,0.9921,-0.6824,2.3196,-0.0138,-0.606,0.2713,-0.1765,1.7428,-2.6193,-0.9165,-0.5518,-0.0859,0.9558,0.8404,-1.2314,1.0435,0.2135,1.3644,0.7098,1.5902,-0.16,1.4162,1.8903,-2.8603,0.8753,-1.5977,-0.7961,-0.1821,0.606,0.2694,0.5752,-0.0641,1.5009,-0.9117,-1.0663,1.198,1.7456,0.8489,-1.5392,0.3328,-1.7295,0.1556,2.701,0
